#Orgánico,Funcional,Económico,R,Denominación Aplicación,Crédito Inicial 2021,Crédito Definitivo 2021,Obligado
0110,9121,11000,,Retribuciones personal eventual gabinete,1153308.0,1153308.0,
0110,9121,12000,,Retribuciones básicas de funcionarios,54499.0,54499.0,
0110,9121,12100,,Retribuciones complementarias funcionarios,71896.0,71896.0,
0110,9121,14100,,Otro personal,0.0,0.0,
0110,9121,16000,,Seguridad social a cargo del ayuntamiento,389528.0,389528.0,
0110,9121,16500,,Cuotas Elkarkidetza a cargo ayuntamiento,2934.0,2934.0,
0110,9123,22695,,Otros gastos diversos oficina Síndica,700.0,700.0,
0110,9123,22699,,Otros gastos diversos,1727.0,1727.0,
0111,2328,11000,,Retribuciones personal eventual gabinete,71675.0,71675.0,
0111,2328,12000,,Retribuciones básicas de funcionarios,77709.0,77709.0,
0111,2328,12100,,Retribuciones complementarias funcionarios,77904.0,77904.0,
0111,2328,16000,,Seguridad social a cargo del ayuntamiento,53756.0,53756.0,
0111,2328,16500,,Cuotas Elkarkidetza a cargo ayuntamiento,1544.0,1544.0,
0111,4332,22701,,Impulso a proyectos comunitarios,40000.0,40000.0,
0111,4332,22707,,Estudios y trabajos técnicos,40000.0,40000.0,
0111,4332,22743,,Proyectos estratégicos y eventos ciudad,110000.0,110000.0,
0111,4332,48160,,Convenio Green Deal,40000.0,40000.0,
0112,2301,12000,,Retribuciones básicas de funcionarios,149964.0,149964.0,
0112,2301,12100,,Retribuciones complementarias funcionarios,186106.0,186106.0,
0112,2301,14100,,Otro personal,37203.0,37203.0,
0112,2301,16000,,Seguridad social a cargo del ayuntamiento,101307.0,101307.0,
0112,2301,16500,,Cuotas Elkarkidetza a cargo ayuntamiento,7116.0,7116.0,
0116,2371,12000,,Retribuciones básicas de funcionarios,151464.0,151464.0,
0116,2371,12100,,Retribuciones complementarias funcionarios,185096.0,185096.0,
0116,2371,14100,,Otro personal,114747.0,114747.0,
0116,2371,16000,,Seguridad social a cargo del ayuntamiento,121462.0,121462.0,
0116,2371,16500,,Cuotas Elkarkidetza a cargo ayuntamiento,7623.0,7623.0,
0116,2371,22115,,Material técnico especifico,100.0,100.0,
0116,2371,22734,,Programa de ocio y tiempo libre,364000.0,364000.0,
0116,2371,22736,,Contrato servicios juventud,106500.0,106500.0,
0116,2371,22737,,Oficina municipal de información joven,6000.0,6000.0,
0116,2371,22775,,Plan joven,100000.0,100000.0,
0116,2371,41924,,Convenio consejo juventud Euskadi-fomento participación juvenil,10500.0,10500.0,
0116,2371,48935,,Convocatoria general de subvenciones,25000.0,25000.0,
0116,2371,48936,,Convocatoria jóvenes informadores en EEMM,10000.0,10000.0,
0116,2371,62505,,Otros enseres,1000.0,1000.0,
0116,2371,62800,,Adquisición publicaciones y libros,1000.0,1000.0,
0125,9124,12000,,Retribuciones básicas de funcionarios,108912.0,108912.0,
0125,9124,12100,,Retribuciones complementarias funcionarios,176446.0,176446.0,
0125,9124,14100,,Otro personal,79194.0,79194.0,
0125,9124,16000,,Seguridad social a cargo del ayuntamiento,99368.0,99368.0,
0125,9124,16500,,Cuotas Elkarkidetza a cargo ayuntamiento,7236.0,7236.0,
0126,9124,11000,,Retribuciones personal eventual gabinete,1.0,1.0,
0130,9201,11000,,Retribuciones personal eventual gabinete,85614.0,85614.0,
0130,9201,12000,,Retribuciones básicas de funcionarios,225787.0,225787.0,
0130,9201,12100,,Retribuciones complementarias funcionarios,341249.0,341249.0,
0130,9201,16000,,Seguridad social a cargo del ayuntamiento,122160.0,122160.0,
0130,9201,16500,,Cuotas Elkarkidetza a cargo ayuntamiento,10300.0,10300.0,
0130,9201,22610,,Indemnizaciones,1000.0,1000.0,
0130,9201,22617,,Honorarios y minutas,30000.0,30000.0,
0145,9121,11000,,Retribuciones personal eventual gabinete,166036.0,166036.0,
0145,9121,16000,,Seguridad social a cargo del ayuntamiento,31132.0,31132.0,
0160,2381,12000,,Retribuciones básicas de funcionarios,136612.0,136612.0,
0160,2381,12100,,Retribuciones complementarias funcionarios,152266.0,152266.0,
0160,2381,14100,,Otro personal,16536.0,16536.0,
0160,2381,16000,,Seguridad social a cargo del ayuntamiento,83010.0,83010.0,
0160,2381,16500,,Cuotas Elkarkidetza a cargo ayuntamiento,4066.0,4066.0,
0160,2381,22711,,Plan para la igualdad,65000.0,65000.0,
0160,2381,22712,,Escuela empoderamiento feminista,130000.0,130000.0,
0160,2381,22713,,Prevención y atención violencia machista,80000.0,80000.0,
0160,2381,22714,,Agenda diversidad sexual y de genero,40000.0,40000.0,
0160,2381,47132,,Convenio para la gestión de Emakumeen etxea,80000.0,80000.0,
0160,2381,48120,,Convenio observatorio LGTBI,75000.0,75000.0,
0160,2381,48139,,Convocatoria de subvenciones a asoc. mujeres,65000.0,65000.0,
0160,2381,62925,,Observatorio LGTBI,20000.0,20000.0,
0171,3351,12000,,Retribuciones básicas de funcionarios,203279.0,203279.0,
0171,3351,12100,,Retribuciones complementarias funcionarios,215049.0,215049.0,
0171,3351,14100,,Otro personal,0.0,0.0,
0171,3351,16000,,Seguridad social a cargo del ayuntamiento,116492.0,116492.0,
0171,3351,16500,,Cuotas Elkarkidetza a cargo ayuntamiento,6305.0,6305.0,
0171,3351,22111,,Otros enseres,1500.0,1500.0,
0171,3351,22741,,Cursos de euskera para madres y padres,300000.0,300000.0,
0171,3351,22742,,Udal langileentzako ikastaroak,8500.0,8500.0,
0171,3351,22780,,Plan euskera,171255.0,171255.0,
0171,3351,22799,,Traducciones externas euskera,20000.0,20000.0,
0171,3351,41803,,Convenio Euskaltzaindia,63000.0,63000.0,
0171,3351,42302,,Convenio con la camara de comercio,5250.0,5250.0,
0171,3351,48001,,Subvenciones a particulares para estudios de euskera,150000.0,150000.0,
0171,3351,48002,,Becas y bolsas de estudio al personal,30000.0,30000.0,
0171,3351,48003,,Subvenciones cursos euskera a euskaltegi,99000.0,99000.0,
0171,3351,48005,,Subvención plan general uso del euskera,120000.0,120000.0,
0171,3351,48044,,Convenio GEU,77175.0,77175.0,
0171,3351,48048,,Convenio asociación Tinko,10500.0,10500.0,
0171,3351,48049,,Convenio asociación Euskharan,18000.0,18000.0,
0171,3351,48065,,Euskaraldia,50000.0,50000.0,
0171,3351,48997,,Convenio Bai Euskarari,23100.0,23100.0,
0171,3351,62800,,Adquisición publicaciones y libros,1000.0,1000.0,
0180,9271,11000,,Retribuciones personal eventual gabinete,73673.0,73673.0,
0180,9271,12000,,Retribuciones básicas de funcionarios,118051.0,118051.0,
0180,9271,12100,,Retribuciones complementarias funcionarios,133360.0,133360.0,
0180,9271,13000,,Retribuciones personal laboral fijo,8626.0,8626.0,
0180,9271,16000,,Seguridad social a cargo del ayuntamiento,102075.0,102075.0,
0180,9271,16500,,Cuotas Elkarkidetza a cargo ayuntamiento,5894.0,5894.0,
0180,9271,22603,,Publicidad,600000.0,600000.0,
0180,9271,22612,,Adquisición prensa diaria,25000.0,25000.0,
0180,9271,22616,,Servicios de asistencia técnica a prensa,20000.0,20000.0,
0180,9271,22628,,Comunicación audiovisual,10000.0,10000.0,
0180,9271,22631,,Participación municipal en otras instituciones,28000.0,28000.0,
0180,9271,22632,,Suscripciones,500.0,500.0,
0180,9271,22634,,Organización de eventos  y gastos de representación,100400.0,100400.0,
0180,9271,22645,,Anuncios oficiales por ley,200000.0,200000.0,
0180,9271,22730,,Servicio almacenaje fondos editoriales,20000.0,20000.0,
0180,9271,22732,,Contratos de prestación de servicios,30000.0,30000.0,
0180,9271,62505,,Otros enseres,2500.0,2500.0,
0181,2327,12000,,Retribuciones básicas de funcionarios,70453.0,70453.0,
0181,2327,12100,,Retribuciones complementarias funcionarios,80718.0,80718.0,
0181,2327,14100,,Otro personal,37166.0,37166.0,
0181,2327,16000,,Seguridad social a cargo del ayuntamiento,50078.0,50078.0,
0181,2327,16500,,Cuotas Elkarkidetza a cargo ayuntamiento,811.0,811.0,
0181,2361,22604,,Estrategia antirumor,36000.0,36000.0,
0181,2361,22608,,Programa de (in)formación,21066.25,21066.25,
0181,2361,22610,,Ciudad educadora,17100.0,17100.0,
0181,2361,22613,,Traducción e interpretación,28000.0,28000.0,
0181,2361,22642,,Plan de convivencia y diversidad,131000.0,131000.0,
0181,2361,41910,,Conv. red vasca antirrumores,5000.0,5000.0,
0181,2361,48128,,Arabako gorrak,22000.0,22000.0,
0181,2361,48901,,Convocatoria general de subvenciones,60000.0,60000.0,
0181,2361,48970,,Conv.asoc. Eginaren Eginez,18000.0,18000.0,
0181,2361,48983,,Convenio Goian,104000.0,104000.0,
0210,1502,12000,,Retribuciones básicas de funcionarios,105083.0,105083.0,
0210,1502,12100,,Retribuciones complementarias funcionarios,147981.0,147981.0,
0210,1502,14100,,Otro personal,52837.0,52837.0,
0210,1502,16000,,Seguridad social a cargo del ayuntamiento,62604.0,62604.0,
0210,1502,16500,,Cuotas Elkarkidetza a cargo ayuntamiento,4079.0,4079.0,
0210,1502,22004,,Edición y reproducción de cartografía y proyectos,5000.0,5000.0,
0210,1502,22111,,Menaje,2000.0,2000.0,
0210,1502,22205,,"Reuniones,conferencias y congresos",5000.0,5000.0,
0210,1502,22707,,Asistencias técnicas,4000.0,4000.0,
0210,1502,23901,,Indemnizaciones jurados expropiación,1000.0,1000.0,
0211,1511,12000,,Retribuciones básicas de funcionarios,196037.0,196037.0,
0211,1511,12100,,Retribuciones complementarias funcionarios,235124.0,235124.0,
0211,1511,14100,,Otro personal,107408.0,107408.0,
0211,1511,16000,,Seguridad social a cargo del ayuntamiento,159400.0,159400.0,
0211,1511,16500,,Cuotas Elkarkidetza a cargo ayuntamiento,7750.0,7750.0,
0211,1511,60001,,Expropiaciones y adquisición de suelo,250000.0,250000.0,
0211,1511,60926,,Regularización convenio obispado aparcamiento catedral,50000.0,50000.0,
0211,1511,61405,,Revisión del catálogo ciudad,70000.0,70000.0,
0211,1511,64202,,Actualizaciones cartográficas,72500.0,72500.0,
0211,1511,64203,,Honorarios,132000.0,132000.0,
0211,1511,64206,,Revisión PGOU,15000.0,15000.0,
0211,1511,64208,,Revisión plan especial casco histórico,150000.0,150000.0,
0211,1511,64212,,Previsión cuotas urbanización,50000.0,50000.0,
0211,1511,64334,,Honorarios notarios registro regularización propiedades,50000.0,50000.0,
0213,1512,12000,,Retribuciones básicas de funcionarios,354818.0,354818.0,
0213,1512,12100,,Retribuciones complementarias funcionarios,476538.0,476538.0,
0213,1512,14100,,Otro personal,148456.0,148456.0,
0213,1512,16000,,Seguridad social a cargo del ayuntamiento,278625.0,278625.0,
0213,1512,16500,,Cuotas Elkarkidetza a cargo ayuntamiento,12041.0,12041.0,
0213,1512,22620,,Obras subsidiarias y apuntalamiento,10000.0,10000.0,
0213,1512,22747,,Inspecc técnica edificios intervención Edif. casco histórico,40000.0,40000.0,
0214,1502,62901,,Adquisición equipos,5000.0,5000.0,
0214,1502,64201,,Estudios y proyectos,30000.0,30000.0,
0214,3421,62257,,Frontones Beti Jai,105000.0,105000.0,
0214,9211,12000,,Retribuciones básicas de funcionarios,216374.0,216374.0,
0214,9211,12100,,Retribuciones complementarias funcionarios,259305.0,259305.0,
0214,9211,14100,,Otro personal,52421.0,52421.0,
0214,9211,16000,,Seguridad social a cargo del ayuntamiento,144901.0,144901.0,
0214,9211,16500,,Cuotas Elkarkidetza a cargo ayuntamiento,7847.0,7847.0,
0214,9211,60202,,Palacio Escoriaza Esquivel,110000.0,110000.0,
0214,9211,60507,,Aramangelu - Abetxuko,1300000.0,1300000.0,
0214,9211,62215,,Inversiones en patrimonio municipal,50000.0,50000.0,
0214,9211,62226,,Rehabilitación viviendas municipales,200000.0,200000.0,
0214,9211,62278,,Centro protección animal,100000.0,100000.0,
0214,9211,62297,,Rehabilitación edificios mples. directiva 2012/2017 UE,250000.0,250000.0,
0214,9211,64326,,Plan de reactivación del centro urbano,250000.0,250000.0,
0214,9211,77101,,Reforma campo fútbol Mendizorroza,100000.0,100000.0,
0214,9212,62290,,Reforma Teatro Principal,320000.0,320000.0,
0216,1502,12000,,Retribuciones básicas de funcionarios,320422.0,320422.0,
0216,1502,12100,,Retribuciones complementarias funcionarios,382869.0,382869.0,
0216,1502,14100,,Otro personal,51937.0,51937.0,
0216,1502,16000,,Seguridad social a cargo del ayuntamiento,217561.0,217561.0,
0216,1502,16500,,Cuotas Elkarkidetza a cargo ayuntamiento,12559.0,12559.0,
0218,1741,60150,,Obras en pueblos,150000.0,150000.0,
0218,1741,60151,,Cofinanciación obras plan foral,100000.0,100000.0,
0218,1741,60700,,Mejora paisajística zona rural,20000.0,20000.0,
0218,1741,72000,,A la DFA para la ejecución de caminos parcelarios,100000.0,100000.0,
0218,1742,22700,,"Recogida residuos, mantenimiento ELM y cementerios",1150000.0,1150000.0,
0218,1743,21000,,Infraestructura y bienes naturales,60000.0,60000.0,
0218,1743,21902,,"Mantenimiento vías forestales, plantaciones y espacios naturales",60000.0,60000.0,
0218,1743,21911,,Mantenimiento jardines núcleos rurales,281405.64,281405.64,
0218,1743,22111,,Menaje,12000.0,12000.0,
0218,1743,22145,,Recuperación espacios degradados,30000.0,30000.0,
0218,1743,72000,,A la DFA para la ejecución de caminos parcelarios,0.0,0.0,
0218,1749,12000,,Retribuciones básicas de funcionarios,159099.0,159099.0,
0218,1749,12100,,Retribuciones complementarias funcionarios,226704.0,226704.0,
0218,1749,13000,,Retribuciones personal laboral fijo,120065.0,120065.0,
0218,1749,16000,,Seguridad social a cargo del ayuntamiento,142158.0,142158.0,
0218,1749,16500,,Cuotas Elkarkidetza a cargo ayuntamiento,10387.0,10387.0,
0218,1749,48112,,Subvenciones asociación concejos,115000.0,115000.0,
0218,1749,78919,,Subvenc.para centros sociales,40000.0,40000.0,
022201,1691,12000,,Retribuciones básicas de funcionarios,106825.0,106825.0,
022201,1691,12100,,Retribuciones complementarias funcionarios,136322.0,136322.0,
022201,1691,14100,,Otro personal,81375.0,81375.0,
022201,1691,16000,,Seguridad social a cargo del ayuntamiento,99550.0,99550.0,
022201,1691,16500,,Cuotas Elkarkidetza a cargo ayuntamiento,7113.0,7113.0,
022201,1721,60305,,Instalaciones del vertedero Gardelegui,20000.0,20000.0,
022201,1722,62916,,Calidad ambiental del vertedero,75000.0,75000.0,
022202,1623,60706,,Plan de residuos,85000.0,85000.0,
022202,1623,60711,,Adecuación vertedero real decreto 14/81/2001,1545000.0,1545000.0,
022202,1623,64316,,Plan de acción del mapa estratégico de ruidos,75000.0,75000.0,
022202,1721,21040,,Mantenimiento y reparación de equipos de control,130000.0,130000.0,
022202,1721,22115,,Repuestos y fungibles,5000.0,5000.0,
022202,1722,12000,,Retribuciones básicas de funcionarios,45589.0,45589.0,
022202,1722,12100,,Retribuciones complementarias funcionarios,58917.0,58917.0,
022202,1722,14100,,Otro personal,6295.0,6295.0,
022202,1722,16000,,Seguridad social a cargo del ayuntamiento,24087.0,24087.0,
022202,1722,16500,,Cuotas Elkarkidetza a cargo ayuntamiento,1765.0,1765.0,
022202,1722,48196,,Fundación GAIA-biblioteca ecológica,10000.0,10000.0,
022202,1722,60182,,Proyecto árboles,50000.0,50000.0,
022202,1722,60919,,Infraestructuras anillo verde,10000.0,10000.0,
022202,1722,64329,,Plan sensibilización ruidos casco medieval,25000.0,25000.0,
022202,1722,64330,,Red de control del ruido,5000.0,5000.0,
022203,1621,22700,,"Contrato Serv. limpieza, recogida y transporte RSU",8829135.04,8829135.04,
022203,1621,22703,,Contrato recogida neumática en casco medieval,1839676.5,1839676.5,
022203,1621,22715,,Recogidas selectivas de residuos,600000.0,600000.0,
022203,1621,22724,,Contrato de explotación de garbigunes,459245.21,459245.21,
022203,1622,21204,,Mantenimiento de las instalaciones del vertedero,10000.0,10000.0,
022203,1622,22723,,Contrato explotación del vertedero,1416496.09,1416496.09,
022203,1622,64304,,"Honorarios, estudios y proyectos",20000.0,20000.0,
022203,1622,64318,,Actuaciones conservación diversidad,75000.0,75000.0,
022203,1623,22111,,Menaje,5000.0,5000.0,
022203,1623,22702,,Contrato explotación planta RSU Jundiz,8567649.29,8567649.29,
022203,1623,22710,,Contrato recogida voluminosos,1044371.23,1044371.23,
022203,1623,47133,,Convenio fundación vital plásticos 0,20000.0,20000.0,
022203,1623,60907,,"Control de calidad agua, aire y suelo",55000.0,55000.0,
022203,1623,62901,,Adquisición equipos,6000.0,6000.0,
022203,1631,22700,,Limpieza viaria,16086689.18,16086689.18,
022203,1722,12000,,Retribuciones básicas de funcionarios,135832.0,135832.0,
022203,1722,12100,,Retribuciones complementarias funcionarios,182491.0,182491.0,
022203,1722,13000,,Retribuciones personal laboral fijo,50019.0,50019.0,
022203,1722,16000,,Seguridad social a cargo del ayuntamiento,107652.0,107652.0,
022203,1722,16500,,Cuotas Elkarkidetza a cargo ayuntamiento,6433.0,6433.0,
022204,1711,12000,,Retribuciones básicas de funcionarios,62468.0,62468.0,
022204,1711,12100,,Retribuciones complementarias funcionarios,80701.0,80701.0,
022204,1711,13000,,Retribuciones personal laboral fijo,76456.0,76456.0,
022204,1711,16000,,Seguridad social a cargo del ayuntamiento,61896.0,61896.0,
022204,1711,16500,,Cuotas Elkarkidetza a cargo ayuntamiento,4066.0,4066.0,
022204,1711,21073,,Conservación arboreto,20000.0,20000.0,
022204,1711,21074,,Trabajos de conservación anillo verde exterior,400000.0,400000.0,
022204,1711,60916,,Agenda local 2030,55000.0,55000.0,
022204,1711,64305,,Plan de acción clima energía sostenible,70000.0,70000.0,
022204,1711,64319,,Red de control campos electromagnéticos,10000.0,10000.0,
022204,1711,64321,,Plan de energías renovables,100000.0,100000.0,
022204,1711,64334,,Estrategia de economía circular,55000.0,55000.0,
022204,1711,64336,,Inversiones transición energética,200000.0,200000.0,
022301,1691,12000,,Retribuciones básicas de funcionarios,18481.0,18481.0,
022301,1691,12100,,Retribuciones complementarias funcionarios,21312.0,21312.0,
022301,1691,14100,,Otro personal,0.0,0.0,
022301,1691,16000,,Seguridad social a cargo del ayuntamiento,12209.0,12209.0,
022301,1691,16500,,Cuotas Elkarkidetza a cargo ayuntamiento,1324.0,1324.0,
0320,1301,11000,,Retribuciones personal eventual gabinete,85887.0,85887.0,
0320,1301,12000,,Retribuciones básicas de funcionarios,41539.0,41539.0,
0320,1301,12100,,Retribuciones complementarias funcionarios,54302.0,54302.0,
0320,1301,14100,,Otro personal,29397.0,29397.0,
0320,1301,16000,,Seguridad social a cargo del ayuntamiento,48343.0,48343.0,
0320,1301,16500,,Cuotas Elkarkidetza a cargo ayuntamiento,3908.0,3908.0,
0330,1301,12000,,Retribuciones básicas de funcionarios,375576.0,375576.0,
0330,1301,12100,,Retribuciones complementarias funcionarios,483307.0,483307.0,
0330,1301,14100,,Otro personal,51769.0,51769.0,
0330,1301,16000,,Seguridad social a cargo del ayuntamiento,266642.0,266642.0,
0330,1301,16500,,Cuotas Elkarkidetza a cargo ayuntamiento,11070.0,11070.0,
0340,1351,21102,,Gastos de emergencia y nevadas,75000.0,75000.0,
0340,1351,21300,,Reparación vehículos,55000.0,55000.0,
0340,1351,22701,,Gastos operativo sanitario de fiestas,13000.0,13000.0,
0340,1361,12000,,Retribuciones básicas de funcionarios,1547480.0,1547480.0,
0340,1361,12100,,Retribuciones complementarias funcionarios,3099518.0,3099518.0,
0340,1361,14100,,Otro personal,721659.0,721659.0,
0340,1361,16000,,Seguridad social a cargo del ayuntamiento,2036072.0,2036072.0,
0340,1361,16500,,Cuotas Elkarkidetza a cargo ayuntamiento,65434.0,65434.0,
0340,1361,21900,,Renovación y reposición de equipos,60000.0,60000.0,
0340,1361,22105,,Vestuario y uniformes,137500.0,137500.0,
0340,1361,22111,,"Menaje, útiles y herramientas",25000.0,25000.0,
0340,1361,22199,,Otros suministros,15000.0,15000.0,
0340,1361,22699,,Otros gastos diversos,10000.0,10000.0,
0340,1361,62400,,Vehículos,50000.0,50000.0,
0340,1361,62901,,Adquisición equipos,5000.0,5000.0,
0350,1321,12000,,Retribuciones básicas de funcionarios,6245547.0,6245547.0,
0350,1321,12100,,Retribuciones complementarias funcionarios,12834020.0,12834020.0,
0350,1321,14100,,Otro personal,23811.0,23811.0,
0350,1321,16000,,Seguridad social a cargo del ayuntamiento,6835332.0,6835332.0,
0350,1321,16500,,Cuotas Elkarkidetza a cargo ayuntamiento,303294.0,303294.0,
0350,1321,20501,,Renting sist.radiocomunicaciones TETRA,9000.0,9000.0,
0350,1321,21001,,Seguridad en fiestas virgen blanca,2997.0,2997.0,
0350,1321,21300,,Reparación vehículos,65000.0,65000.0,
0350,1321,21900,,Renovación y reposición de equipos,50000.0,50000.0,
0350,1321,21905,,Manten.scanner seguridad y USP,7500.0,7500.0,
0350,1321,22105,,Vestuario y uniformes,245000.0,245000.0,
0350,1321,22111,,"Menaje, útiles y herramientas",20000.0,20000.0,
0350,1321,22199,,Otros suministros,10000.0,10000.0,
0350,1321,22699,,Otros gastos diversos,15000.0,15000.0,
0350,1321,62400,,Vehículos,67500.0,67500.0,
0350,1321,62501,,Mobiliario,3375.68,3375.68,
0350,1321,62901,,Adquisición equipos e instalaciones,72000.0,72000.0,
0410,0111,32201,,Intereses préstamos a corto plazo,10300.0,10300.0,
0410,0111,33201,,Intereses de préstamos a largo plazo,500000.0,500000.0,
0410,0111,93300,,Amortización de préstamos a l/p,12803762.0,12803762.0,
0410,1513,73102,,Al Centro de Estudios Ambientales,125000.0,125000.0,
0410,1513,73310,,A Ensanche 21,1000000.0,1000000.0,
0410,1513,73311,,A Ensanche 21 observatorio municipal vivienda,25000.0,25000.0,
0410,1722,43102,,Al centro de estudios ambientales,2435939.79,2435939.79,
0410,2381,22675,,Asistencia técnica ppto perspectiva genero,15000.0,15000.0,
0410,2411,20301,,Renting de vehículos  - POEJ,22000.0,22000.0,
0410,4411,43300,,Aportación a TUVISA,14666796.3,14666796.3,
0410,4411,73300,,A TUVISA,945900.9,945900.9,
0410,9202,16205,,Seguro vida-accidentes empleados,0.0,0.0,
0410,9202,16206,,Seguros corporativos,0.0,0.0,
0410,9203,22145,,Gastos sanitarios Coronavirus,260000.0,260000.0,
0410,9204,62629,,Sistema informático inventario municipal,37000.0,37000.0,
0410,9205,20301,,Renting de vehículos,370000.0,370000.0,
0410,9205,21300,,Reparación vehículos,170000.0,170000.0,
0410,9205,22104,,Combustibles y carburantes,300000.0,300000.0,
0410,9205,22404,,Seguros de vehículos,138000.0,138000.0,
0410,9205,62400,,Vehículos,75000.0,75000.0,
0410,9206,21400,,Reparación mobiliario,1000.0,1000.0,
0410,9206,21500,,Contratos mantenimiento de equipos,150000.0,150000.0,
0410,9206,22001,,Ordinario no inventariable,190000.0,190000.0,
0410,9206,62501,,Mobiliario,8000.0,8000.0,
0410,9206,62505,,Adquisiciones varias dptos. municipales,5000.0,5000.0,
0410,9207,20100,,Arrendamiento locales y edificios,3496000.0,3496000.0,
0410,9207,22110,,Gastos de reprografía,50000.0,50000.0,
0410,9207,22402,,Seguros de responsabilidad civil,336000.0,336000.0,
0410,9207,22407,,Seguro vida y accidentes,40000.0,40000.0,
0410,9207,22600,,Gastos de registro de bienes,22500.0,22500.0,
0410,9207,22732,,Contratos de prestación de servicios,50000.0,50000.0,
0410,9207,22783,,Contratos unidad de limpieza,15000.0,15000.0,
0410,9207,62900,,Reposiciones por siniestros,1.0,1.0,
0410,9211,62298,,Inversiones San Martín,25000.0,25000.0,
0410,9211,62299,,Inversiones San Martín seguridad CPD,20000.0,20000.0,
0410,9213,22102,,Suministro agua y depuración de residuales,1500000.0,1500000.0,
0410,9213,22103,,Fraccionamiento suministro agua,250000.0,250000.0,
0410,9271,41800,,A EUDEL,245000.0,245000.0,
0410,9311,22499,,Indemnizaciones por responsabilidad patrimonial,175000.0,175000.0,
0410,9312,50001,,Crédito global,58776.8,58776.8,
0410,9319,12000,,Retribuciones básicas de funcionarios,72443.0,72443.0,
0410,9319,12100,,Retribuciones complementarias funcionarios,111823.0,111823.0,
0410,9319,16000,,Seguridad social a cargo del ayuntamiento,33550.0,33550.0,
0410,9319,16500,,Cuotas Elkarkidetza a cargo ayuntamiento,3618.0,3618.0,
0410,9321,22776,,Servicios de la unidad de multas,175000.0,175000.0,
0410,9331,22401,,Seguros de edificios y locales municipales,385000.0,385000.0,
0410,9331,22601,,Gastos comunidades vecinos,500000.0,500000.0,
0410,9331,22631,,Tasa AIREF,5000.0,5000.0,
0410,9331,22760,,Mantenimiento relojes públicos,20000.0,20000.0,
0410,9331,62299,,Obras gure txokoa,1930078.08,1930078.08,
0410,9331,64900,,Propiedad industrial,1000.0,1000.0,
0410,9341,36100,,Intereses devolución ingresos indebidos,60000.0,60000.0,
0410,9341,36101,,Gastos financieros asociados a ingresos,100000.0,100000.0,
0410,9341,36102,,Intereses de demora,255500.0,255500.0,
0410,9341,36900,,Otros gastos financieros,3000.0,3000.0,
0411,9321,12000,,Retribuciones básicas de funcionarios,80320.0,80320.0,
0411,9321,12100,,Retribuciones complementarias funcionarios,93921.0,93921.0,
0411,9321,16000,,Seguridad social a cargo del ayuntamiento,43025.0,43025.0,
0411,9321,16500,,Cuotas Elkarkidetza a cargo ayuntamiento,4633.0,4633.0,
0412,9314,12000,,Retribuciones básicas de funcionarios,27758.0,27758.0,
0412,9314,12100,,Retribuciones complementarias funcionarios,42603.0,42603.0,
0412,9314,14100,,Otro personal,29766.0,29766.0,
0412,9314,16000,,Seguridad social a cargo del ayuntamiento,20607.0,20607.0,
0412,9314,16500,,Cuotas Elkarkidetza a cargo ayuntamiento,0.0,0.0,
0414,9312,12000,,Retribuciones básicas de funcionarios,79529.0,79529.0,
0414,9312,12100,,Retribuciones complementarias funcionarios,100410.0,100410.0,
0414,9312,16000,,Seguridad social a cargo del ayuntamiento,42230.0,42230.0,
0414,9312,16500,,Cuotas Elkarkidetza a cargo ayuntamiento,0.0,0.0,
0415,9323,12000,,Retribuciones básicas de funcionarios,128369.0,128369.0,
0415,9323,12100,,Retribuciones complementarias funcionarios,146877.0,146877.0,
0415,9323,16000,,Seguridad social a cargo del ayuntamiento,48474.0,48474.0,
0415,9323,16500,,Cuotas Elkarkidetza a cargo ayuntamiento,3449.0,3449.0,
0416,9341,12000,,Retribuciones básicas de funcionarios,132438.0,132438.0,
0416,9341,12100,,Retribuciones complementarias funcionarios,170080.0,170080.0,
0416,9341,16000,,Seguridad social a cargo del ayuntamiento,64502.0,64502.0,
0416,9341,16500,,Cuotas Elkarkidetza a cargo ayuntamiento,7211.0,7211.0,
0417,9322,12000,,Retribuciones básicas de funcionarios,81080.0,81080.0,
0417,9322,12100,,Retribuciones complementarias funcionarios,111401.0,111401.0,
0417,9322,14100,,Otro personal,50874.0,50874.0,
0417,9322,16000,,Seguridad social a cargo del ayuntamiento,53062.0,53062.0,
0417,9322,16500,,Cuotas Elkarkidetza a cargo ayuntamiento,3088.0,3088.0,
0418,9319,12000,,Retribuciones básicas de funcionarios,960199.0,960199.0,
0418,9319,12100,,Retribuciones complementarias funcionarios,1193922.0,1193922.0,
0418,9319,14100,,Otro personal,301633.0,301633.0,
0418,9319,16000,,Seguridad social a cargo del ayuntamiento,696630.0,696630.0,
0418,9319,16500,,Cuotas Elkarkidetza a cargo ayuntamiento,49096.0,49096.0,
0421,9314,12000,,Retribuciones básicas de funcionarios,60308.0,60308.0,
0421,9314,12100,,Retribuciones complementarias funcionarios,86872.0,86872.0,
0421,9314,14100,,Otro personal,50784.0,50784.0,
0421,9314,16000,,Seguridad social a cargo del ayuntamiento,44122.0,44122.0,
0421,9314,16500,,Cuotas Elkarkidetza a cargo ayuntamiento,4570.0,4570.0,
0810,4301,11000,,Retribuciones personal eventual gabinete,84372.0,84372.0,
0810,4301,12000,,Retribuciones básicas de funcionarios,25925.0,25925.0,
0810,4301,12100,,Retribuciones complementarias funcionarios,25607.0,25607.0,
0810,4301,16000,,Seguridad social a cargo del ayuntamiento,27766.0,27766.0,
0810,4301,16500,,Cuotas Elkarkidetza a cargo ayuntamiento,1544.0,1544.0,
0810,4331,22712,,Impulso film Office,1500.0,1500.0,
0810,4331,22797,,Oficina desarrollo local: dinamización económica,430000.0,430000.0,
0810,4331,47104,,Oficina desarrollo local ayudas captación eventos,70000.0,70000.0,
0817,4334,85107,,Ampliación de capital del parque tecnológico,52600.0,52600.0,
0819,4301,12000,,Retribuciones básicas de funcionarios,176928.0,176928.0,
0819,4301,12100,,Retribuciones complementarias funcionarios,234052.0,234052.0,
0819,4301,14100,,Otro personal,48009.0,48009.0,
0819,4301,16000,,Seguridad social a cargo del ayuntamiento,133253.0,133253.0,
0819,4301,16500,,Cuotas Elkarkidetza a cargo ayuntamiento,9451.0,9451.0,
0820,4301,12000,,Retribuciones básicas de funcionarios,148546.0,148546.0,
0820,4301,12100,,Retribuciones complementarias funcionarios,161189.0,161189.0,
0820,4301,14100,,Otro personal,49578.0,49578.0,
0820,4301,16000,,Seguridad social a cargo del ayuntamiento,93742.0,93742.0,
0820,4301,16500,,Cuotas Elkarkidetza a cargo ayuntamiento,10809.0,10809.0,
0821,4221,22683,,Jundiz eco industrial,50000.0,50000.0,
0821,4221,22714,,Basaldea,25000.0,25000.0,
0821,4221,22763,,Economía circular,40000.0,40000.0,
0821,4221,22779,,Apoyo a industrias y empresas,40000.0,40000.0,
0821,4221,62952,,Mantenimiento zonas industriales,100000.0,100000.0,
0821,4331,12000,,Retribuciones básicas de funcionarios,201605.0,201605.0,
0821,4331,12100,,Retribuciones complementarias funcionarios,223615.0,223615.0,
0821,4331,14100,,Otro personal,49147.0,49147.0,
0821,4331,16000,,Seguridad social a cargo del ayuntamiento,133058.0,133058.0,
0821,4331,16500,,Cuotas Elkarkidetza a cargo ayuntamiento,7831.0,7831.0,
0821,4331,22677,,Apoyo a emprendedores,63000.0,63000.0,
0821,4331,22712,,Gestión centros de empresas,15000.0,15000.0,
0821,4331,22713,,Interreg phyd sudoe 2,1.0,1.0,
0821,4331,22769,,Patrocinio FESTVAL - fila 2,133000.0,133000.0,
0821,4331,22770,,Patrocinio f2 campus katoid techno,10000.0,10000.0,
0821,4331,41900,,Convenio EHU-UPV apoyo emprendimiento,5000.0,5000.0,
0821,4331,47002,,Aportación BIC,100000.0,100000.0,
0821,4331,47102,,Ayudas empleo industrias creativas,100000.0,100000.0,
0821,4331,47107,,Convenio AJEBASK-formación y semillero,10500.0,10500.0,
0821,4331,47131,,Conv. Euskal irudigileak/ilustradores de Euskadi,9100.0,9100.0,
0821,4331,48150,,Convenio Asoc. seniors españoles para la cooperación técnica  - SECOT,3000.0,3000.0,
0821,4331,48175,,Convenio VIA potenciar actividades del pasaje,400000.0,400000.0,
0821,4331,48180,,Transferencias a VIA,60000.0,60000.0,
0821,4331,48905,,Convenio prestaturik reutiliza,23000.0,23000.0,
0821,4331,48943,,Foro responsabilidad social de la empresa,4000.0,4000.0,
0821,4331,48949,,Becas al emprendimiento,85000.0,85000.0,
0821,4331,48967,,Ayudas a la creación y consolidación de empresas,140000.0,140000.0,
0821,4331,48985,,Premios pacto verde,6000.0,6000.0,
0821,4331,48986,,Convenio Cámara apoyo pequeñas empresas,17000.0,17000.0,
0821,4331,48996,,Convenio arco n1,6500.0,6500.0,
0821,4331,60902,,Inversiones semillero proy.Basaldea,75000.0,75000.0,
0821,4331,62601,,Reformas y equipamientos en semilleros,10000.0,10000.0,
0821,4333,48172,,Convenio fundación catedral Santa María,22400.0,22400.0,
0822,4312,61406,,Obras en mercados,25000.0,25000.0,
0822,4314,12000,,Retribuciones básicas de funcionarios,55257.0,55257.0,
0822,4314,12100,,Retribuciones complementarias funcionarios,63073.0,63073.0,
0822,4314,14100,,Otro personal,82131.0,82131.0,
0822,4314,16000,,Seguridad social a cargo del ayuntamiento,62718.0,62718.0,
0822,4314,16500,,Cuotas Elkarkidetza a cargo ayuntamiento,1544.0,1544.0,
0822,4314,20200,,Arrendamiento de maquinaria e instalaciones,94000.0,94000.0,
0822,4314,22700,,Iluminación navideña,165000.0,165000.0,
0822,4314,22701,,Logística última milla,50000.0,50000.0,
0822,4314,22765,,Campaña promoción comercio local,25000.0,25000.0,
0822,4314,22771,,Jornada Urban Commerce,25000.0,25000.0,
0822,4314,22773,,Mercados,45000.0,45000.0,
0822,4314,22798,,Dinamización comercial,86000.0,86000.0,
0822,4314,22799,,Vitoria-Gasteiz veg friendly,10000.0,10000.0,
0822,4314,42301,,Conv. cámara comercio escaparatismo,8000.0,8000.0,
0822,4314,48904,,Convenio City Wine,12000.0,12000.0,
0822,4314,48926,,Convenio asociación Gasteiz On,225720.0,225720.0,
0822,4314,48963,,Convenio asoc.comercios casco medieval,88200.0,88200.0,
0822,4314,48964,,Ayudas al comercio y hostelería,450000.0,450000.0,
0822,4314,48965,,Convenio asoc.empresarios comercio,40590.0,40590.0,
0822,4314,48966,,Convenio asoc.comerciantes calle Gorbea,14400.0,14400.0,
0823,2381,22279,,GPS orientación profesional en igualdad,25000.0,25000.0,
0823,2411,12000,,Retribuciones básicas de funcionarios,519113.0,519113.0,
0823,2411,12100,,Retribuciones complementarias funcionarios,618558.0,618558.0,
0823,2411,13000,,Retribuciones personal laboral fijo,0.0,0.0,
0823,2411,14100,,Otro personal,5136.0,5136.0,
0823,2411,16000,,Seguridad social a cargo del ayuntamiento,330274.0,330274.0,
0823,2411,16500,,Cuotas Elkarkidetza a cargo ayuntamiento,21999.0,21999.0,
0823,2411,20100,,Arrendamiento locales y edificios,116500.0,116500.0,
0823,2411,22774,,Plan empleo joven aportación Ayto cap 2,188008.0,188008.0,
0823,2411,22781,,Plan empleo joven aportac Ayto (cap.1),384105.56,384105.56,
0823,2411,22785,,Plan de empleo comarcal aportación Lanbide,1666322.1,1666322.1,
0823,2411,22790,,Plan de empleo joven - aportación Lanbide,838080.0,838080.0,
0823,2411,22791,,Impulso al empleo colectivos prioritarios,57600.0,57600.0,
0823,2411,22793,,Acciones de orientación y empleo,30000.0,30000.0,
0823,2411,22795,,Formación,370000.0,370000.0,
0823,2411,22797,,Plan de empleo Vitoria-Gasteiz,115000.0,115000.0,
0823,2411,47128,,Convenio sea empleo Araba,50680.0,50680.0,
0823,2411,48015,,Plan comarcal aportación Lanbide,3408140.48,3408140.48,
0823,2411,48020,,Plan comarcal - aportación municipal a la contratación,50000.0,50000.0,
0823,2411,48171,,Convenio Fundación Secretariado Gitano,42000.0,42000.0,
0823,2411,48966,,Conv.apoyo al proy.Saregune,60000.0,60000.0,
0823,2411,48967,,Ayudas a la contratación- estabilidad empleo,400000.0,400000.0,
0823,2411,62299,,Instalaciones de empleo y formación,20000.0,20000.0,
0823,2411,62519,,Adquisición equipos formativos,20000.0,20000.0,
0823,2411,62600,,Adquisición equipos informáticos instalac.empleo y formación,20000.0,20000.0,
0823,4311,48043,,Convenio escuela de ventas,10000.0,10000.0,
0823,4331,47136,,Ayudas proyectos economía circular,50000.0,50000.0,
0823,4331,47137,,Ayudas Dinamización económica,300000.0,300000.0,
0823,4331,48994,,Convenio Adsis/Caritas/Egibide proyecto Hazia,100000.0,100000.0,
0824,4321,12000,,Retribuciones básicas de funcionarios,128521.0,128521.0,
0824,4321,12100,,Retribuciones complementarias funcionarios,158993.0,158993.0,
0824,4321,14100,,Otro personal,71212.0,71212.0,
0824,4321,16000,,Seguridad social a cargo del ayuntamiento,108520.0,108520.0,
0824,4321,16500,,Cuotas Elkarkidetza a cargo ayuntamiento,9307.0,9307.0,
0824,4321,22776,,"Gestión P.Europa,Villasuso y  oficina turismo",500000.0,500000.0,
0824,4321,62513,,Mobiliario palacios y congresos,25000.0,25000.0,
0824,4321,62609,,Equipos técnicos palacio Europa y Villasuso,90000.0,90000.0,
0826,3411,22603,,Patrocinio publicitario Saski Baskonia SAD,126300.0,126300.0,
0826,3411,22611,,Patrocinio triatlón Vitoria-Gasteiz,100000.0,100000.0,
0826,4321,12000,,Retribuciones básicas de funcionarios,22262.0,22262.0,
0826,4321,12100,,Retribuciones complementarias funcionarios,23929.0,23929.0,
0826,4321,16000,,Seguridad social a cargo del ayuntamiento,11935.0,11935.0,
0826,4321,22733,,Acciones competitividad sector,5000.0,5000.0,
0826,4321,22772,,Patrocinio semana pintxo alavés,8400.0,8400.0,
0826,4321,22774,,Patrocinio miniature pintxos congres,10500.0,10500.0,
0826,4321,22777,,Dinamización turística,200000.0,200000.0,
0826,4321,22778,,Eventos turísticos singulares,5000.0,5000.0,
0826,4321,22779,,Promoción turística ciudad,176000.0,176000.0,
0826,4321,22780,,Gastos merchandising oficina turismo,14810.0,14810.0,
0910,2210,22734,,Regularización seguridad social,50000.0,50000.0,
0910,2381,22760,,Acciones para la igualdad de género,15375.0,15375.0,
0910,9202,12000,,Retribuciones básicas de funcionarios,164945.0,164945.0,
0910,9202,12100,,Retribuciones complementarias funcionarios,225370.0,225370.0,
0910,9202,16000,,Seguridad social a cargo del ayuntamiento,84645.0,84645.0,
0910,9202,16007,,Aportación complemento especifico a funcionarios,276723.27,276723.27,
0910,9202,16104,,Retribuciones según sentencia,15000.0,15000.0,
0910,9202,16204,,Seguro de vida-autoseguro,113080.0,113080.0,
0910,9202,16205,,Seguro vida-accidentes empleados,950000.0,950000.0,
0910,9202,16206,,Seguros corporativos,11500.0,11500.0,
0910,9202,16220,,Indemnizaciones por daños,1500.0,1500.0,
0910,9202,16500,,Cuotas Elkarkidetza a cargo ayuntamiento,6177.0,6177.0,
0910,9202,22001,,Ordinario no inventariable,2505.0,2505.0,
0910,9202,22105,,Vestuario y uniformes,86000.0,86000.0,
0910,9202,22638,,Plan formación empleados mples.,120000.0,120000.0,
0910,9202,22740,,Congreso sumas,1.0,1.0,
0910,9202,22745,,Programa estratégico de prevención de riesgos laborales,20000.0,20000.0,
0910,9202,22759,,Plan estratégico de mejora continua,11222.0,11222.0,
0910,9202,22764,,Estudios de organización,1.0,1.0,
0910,9202,23000,,Dietas,50071.6,50071.6,
0910,9202,23001,,Gastos de locomoción,35875.0,35875.0,
0910,9202,23900,,Gastos procesos selectivos,90000.0,90000.0,
0910,9202,48001,,Subvención al comité,15559.31,15559.31,
0910,9202,48002,,Becas y bolsas de estudio al personal,24903.31,24903.31,
0910,9203,62924,,Adquisición de equipos de información de presencia,5000.0,5000.0,
0911,9202,12000,,Retribuciones básicas de funcionarios,266629.0,266629.0,
0911,9202,12100,,Retribuciones complementarias funcionarios,332463.0,332463.0,
0911,9202,14100,,Otro personal,214415.0,214415.0,
0911,9202,16000,,Seguridad social a cargo del ayuntamiento,243228.0,243228.0,
0911,9202,16500,,Cuotas Elkarkidetza a cargo ayuntamiento,18010.0,18010.0,
0912,9202,12000,,Retribuciones básicas de funcionarios,156725.0,156725.0,
0912,9202,12100,,Retribuciones complementarias funcionarios,197957.0,197957.0,
0912,9202,16000,,Seguridad social a cargo del ayuntamiento,73498.0,73498.0,
0912,9202,16500,,Cuotas Elkarkidetza a cargo ayuntamiento,6775.0,6775.0,
0915,2111,16109,,Complemento pensiones mutua foral de Alava,4000.0,4000.0,
0915,9202,12000,,Retribuciones básicas de funcionarios,90430.0,90430.0,
0915,9202,12100,,Retribuciones complementarias funcionarios,122722.0,122722.0,
0915,9202,16000,,Seguridad social a cargo del ayuntamiento,52253.0,52253.0,
0915,9202,16500,,Cuotas Elkarkidetza a cargo ayuntamiento,4633.0,4633.0,
0919,9203,12000,,Retribuciones básicas de funcionarios,160590.0,160590.0,
0919,9203,12100,,Retribuciones complementarias funcionarios,185850.0,185850.0,
0919,9203,16000,,Seguridad social a cargo del ayuntamiento,90568.0,90568.0,
0919,9203,16500,,Cuotas Elkarkidetza a cargo ayuntamiento,9110.0,9110.0,
0919,9203,22108,,Productos farmacéuticos y hemoderivados,67118.11,67118.11,
0919,9203,22141,,Mantenimiento especifico equipos servicios médicos,820.0,820.0,
1010,9204,12000,,Retribuciones básicas de funcionarios,74791.0,74791.0,
1010,9204,12100,,Retribuciones complementarias funcionarios,127835.0,127835.0,
1010,9204,14100,,Otro personal,21272.0,21272.0,
1010,9204,16000,,Seguridad social a cargo del ayuntamiento,43723.0,43723.0,
1010,9204,16500,,Cuotas Elkarkidetza a cargo ayuntamiento,4123.0,4123.0,
1010,9204,22730,,Definición procesos y supervisión LOPD,15000.0,15000.0,
1010,9204,22732,,Contratos de prestación de servicios,5000.0,5000.0,
1011,9204,12000,,Retribuciones básicas de funcionarios,523976.0,523976.0,
1011,9204,12100,,Retribuciones complementarias funcionarios,596262.0,596262.0,
1011,9204,14100,,Otro personal,125311.0,125311.0,
1011,9204,16000,,Seguridad social a cargo del ayuntamiento,342969.0,342969.0,
1011,9204,16500,,Cuotas Elkarkidetza a cargo ayuntamiento,24424.0,24424.0,
1011,9204,21501,,Mantenimiento de aplicaciones informáticas,430000.0,430000.0,
1011,9204,22720,,Soporte a mantenimiento de aplicativos,1300000.0,1300000.0,
1011,9204,62623,,Plan director e-administración,170000.0,170000.0,
1011,9204,62624,,Plan contra el fraude fiscal,200000.0,200000.0,
1011,9204,62625,,Gestión centralizada de subvenciones,80000.0,80000.0,
1011,9204,62626,,Sistema informático policía local,50000.0,50000.0,
1012,9204,12000,,Retribuciones básicas de funcionarios,329081.0,329081.0,
1012,9204,12100,,Retribuciones complementarias funcionarios,408727.0,408727.0,
1012,9204,14100,,Otro personal,161827.0,161827.0,
1012,9204,16000,,Seguridad social a cargo del ayuntamiento,250575.0,250575.0,
1012,9204,16500,,Cuotas Elkarkidetza a cargo ayuntamiento,12220.0,12220.0,
1012,9204,21500,,Mantenimiento equipos informáticos,305000.0,305000.0,
1012,9204,22728,,Soporte ordenadores centrales,275000.0,275000.0,
1012,9204,22729,,Soporte mantenimiento equipos usuarios,30000.0,30000.0,
1012,9204,62600,,Adquisición equipos informáticos,200000.0,200000.0,
1012,9204,62604,,Adquisición software base,130000.0,130000.0,
1012,9204,62620,,Acciones plan de seguridad,100000.0,100000.0,
1012,9204,62627,,Renovación equipos y servicios,550000.0,550000.0,
1012,9271,22200,,Facturación telefónica,314921.27,314921.27,
1012,9271,22202,,Correspondencia y notificaciones,1514151.0,1514151.0,
1012,9271,22644,,Anuncios en boletines oficiales,10081.0,10081.0,
1017,9204,12000,,Retribuciones básicas de funcionarios,281602.0,281602.0,
1017,9204,12100,,Retribuciones complementarias funcionarios,352379.0,352379.0,
1017,9204,14100,,Otro personal,90393.0,90393.0,
1017,9204,16000,,Seguridad social a cargo del ayuntamiento,192245.0,192245.0,
1017,9204,16500,,Cuotas Elkarkidetza a cargo ayuntamiento,16463.0,16463.0,
1018,9204,12000,,Retribuciones básicas de funcionarios,28680.0,28680.0,
1018,9204,12100,,Retribuciones complementarias funcionarios,41594.0,41594.0,
1018,9204,16000,,Seguridad social a cargo del ayuntamiento,12740.0,12740.0,
1018,9204,16500,,Cuotas Elkarkidetza a cargo ayuntamiento,1544.0,1544.0,
1019,9204,12000,,Retribuciones básicas de funcionarios,20121.0,20121.0,
1019,9204,12100,,Retribuciones complementarias funcionarios,24664.0,24664.0,
1019,9204,16000,,Seguridad social a cargo del ayuntamiento,12740.0,12740.0,
1019,9204,16500,,Cuotas Elkarkidetza a cargo ayuntamiento,1544.0,1544.0,
1020,9204,12000,,Retribuciones básicas de funcionarios,27424.0,27424.0,
1020,9204,12100,,Retribuciones complementarias funcionarios,42164.0,42164.0,
1020,9204,16000,,Seguridad social a cargo del ayuntamiento,12740.0,12740.0,
1110,2301,12000,,Retribuciones básicas de funcionarios,112771.0,112771.0,
1110,2301,12100,,Retribuciones complementarias funcionarios,154942.0,154942.0,
1110,2301,14100,,Otro personal,143211.0,143211.0,
1110,2301,16000,,Seguridad social a cargo del ayuntamiento,106241.0,106241.0,
1110,2301,16500,,Cuotas Elkarkidetza a cargo ayuntamiento,1261.0,1261.0,
1111,2301,12000,,Retribuciones básicas de funcionarios,689287.0,689287.0,
1111,2301,12100,,Retribuciones complementarias funcionarios,860544.0,860544.0,
1111,2301,13000,,Retribuciones personal laboral fijo,37672.0,37672.0,
1111,2301,14100,,Otro personal,277088.0,277088.0,
1111,2301,16000,,Seguridad social a cargo del ayuntamiento,579844.0,579844.0,
1111,2301,16500,,Cuotas Elkarkidetza a cargo ayuntamiento,29414.0,29414.0,
1111,2301,22103,,Gas,23000.0,23000.0,
1111,2301,22618,,Otros gastos funcionamiento,10000.0,10000.0,
1111,2301,48045,,Subvenciones,125000.0,125000.0,
1111,2301,48190,,Convenio colegio trabajo social,10000.0,10000.0,
1111,2301,48931,,Convenio Asoc. Goiener,15000.0,15000.0,
1111,2301,48968,,Convenio asociación Vivir con Voz Propia,15000.0,15000.0,
1111,2301,62204,,Inversiones en centros y locales,255000.0,255000.0,
1111,2301,62205,,Inversiones en viviendas sociales,250000.0,250000.0,
1111,2301,62303,,Adquisición maquinaria,300000.0,300000.0,
1111,2301,62501,,Mobiliario,80000.0,80000.0,
1111,2325,48003,,Atenciones sociales,100000.0,100000.0,
1115,2323,22745,,Programa educación calle para sin techo,95500.0,95500.0,
1115,2323,48003,,Atenciones sociales,45000.0,45000.0,
1115,2324,22002,,"Prensa,revistas y otras publicaciones",1500.0,1500.0,
1115,2324,22105,,Vestuario y uniformes,1000.0,1000.0,
1115,2324,22106,,Productos alimenticios,20000.0,20000.0,
1115,2324,22111,,Menaje,5400.0,5400.0,
1115,2324,22115,,Material técnico especifico,5100.0,5100.0,
1115,2324,22759,,Monitores talleres,22926.4,22926.4,
1115,2324,22784,,Contratros servicios de urgencias,481000.0,481000.0,
1115,2324,22786,,Transporte de comidas,10958.13,10958.13,
1115,2324,48003,,Atenciones sociales,35000.0,35000.0,
1115,2325,22111,,Menaje,10800.0,10800.0,
1115,2325,22115,,Material técnico especifico,25075.0,25075.0,
1115,2325,22614,,Talleres GIZARTERATU,667000.0,667000.0,
1115,2325,22666,,Vigilancia nocturna Villasuso,102153.48,102153.48,
1115,2325,22731,,Comedor público - gestión,59711.5,59711.5,
1115,2325,22747,,Gestión pisos tutelados,770283.38,770283.38,
1115,2325,22761,,Programa acompañamiento pisos acogida,37000.0,37000.0,
1115,2325,22786,,Transporte de comidas casa abierta,0.0,0.0,
1115,2325,22787,,Gestión aterpe,368000.0,368000.0,
1115,2325,48003,,Atenciones sociales,0.0,0.0,
1115,2325,48121,,Convenio comisión antisida-centro municipal casa abierta,120756.0,120756.0,
1115,2325,48137,,Conv.comision antisida-pisos tutelados,100192.0,100192.0,
1115,2325,48140,,Conv.comision antisida-centro estrada,430559.0,430559.0,
1115,2325,48145,,Convenio caritas-taller ocupacional,54000.0,54000.0,
1115,2325,48148,,Convenio Afroamericana pisos tutelados,175807.0,175807.0,
1115,2325,48169,,Convenio Gao Lacho Drom,38748.0,38748.0,
1115,2325,48170,,Convenio IRSE programa apoyo a la inserción,30000.0,30000.0,
1115,2325,48190,,Piso semitutelado de apoyo a jóvenes,19610.0,19610.0,
1115,2325,48901,,Convenio Comisión Antisida Aterpe,158420.17,158420.17,
1115,2325,48940,,Casa iniciativas Abetxuko,77000.0,77000.0,
1115,2327,12000,,Retribuciones básicas de funcionarios,489817.0,489817.0,
1115,2327,12100,,Retribuciones complementarias funcionarios,653092.0,653092.0,
1115,2327,14100,,Otro personal,531731.0,531731.0,
1115,2327,16000,,Seguridad social a cargo del ayuntamiento,556189.0,556189.0,
1115,2327,16500,,Cuotas Elkarkidetza a cargo ayuntamiento,15546.0,15546.0,
1115,2381,48184,,Conv.asoc.Clara Campoamor-pisos mujeres maltratadas,303382.79,303382.79,
1120,2311,12000,,Retribuciones básicas de funcionarios,332484.0,332484.0,
1120,2311,12100,,Retribuciones complementarias funcionarios,374022.0,374022.0,
1120,2311,14100,,Otro personal,310062.0,310062.0,
1120,2311,16000,,Seguridad social a cargo del ayuntamiento,286199.0,286199.0,
1120,2311,16500,,Cuotas Elkarkidetza a cargo ayuntamiento,6986.0,6986.0,
1120,2311,22111,,Menaje,3150.0,3150.0,
1120,2311,22115,,Material técnico especifico,1700.0,1700.0,
1120,2311,22678,,Programa participación infantil,100000.0,100000.0,
1120,2311,22679,,Programa prevención prólogo,21000.0,21000.0,
1120,2311,22680,,Talleres emociones,130261.61,130261.61,
1120,2311,22726,,Programa parentalidad positiva (Senidegune),78400.0,78400.0,
1120,2311,22745,,Programa Ada,522943.0,522943.0,
1120,2311,22746,,Egokitzen-coparentalidad positiva divorcios,63212.0,63212.0,
1120,2311,22748,,Terapias,150000.0,150000.0,
1120,2311,22763,,Progr. intervención precoz violencia filioparental,87400.0,87400.0,
1120,2311,22775,,Programa gestión Bidatu,234495.0,234495.0,
1120,2311,22789,,Resilencia,297840.83,297840.83,
1120,2311,22791,,Plan local de infancia,100000.0,100000.0,
1120,2311,22792,,Valoración casos abusos sexuales,42105.0,42105.0,
1120,2311,22794,,Centros socioeducativos,1375000.0,1375000.0,
1120,2311,48003,,Atenciones sociales,4000.0,4000.0,
1120,2311,48036,,Convenio AVAIM,11780.0,11780.0,
1120,2311,48187,,Convenio GARENOK,11780.0,11780.0,
1120,2311,48956,,Convenio contra la intolerancia,11780.0,11780.0,
1120,2311,48991,,Convenio UNICEF,11780.0,11780.0,
1120,2311,48992,,Convenio con AMAPASE,15000.0,15000.0,
1133,2312,22002,,"Prensa,revistas y otras publicaciones",11000.0,11000.0,
1133,2312,22105,,Vestuario y uniformes,11585.85,11585.85,
1133,2312,22106,,Productos alimenticios,2098985.02,2098985.02,
1133,2312,22111,,Menaje,54000.0,54000.0,
1133,2312,22115,,Material técnico especifico,61200.0,61200.0,
1133,2312,22606,,Servicios de peluquería,13268.0,13268.0,
1133,2312,22618,,Otros gastos funcionamiento,16800.0,16800.0,
1133,2312,22621,,Oficina de mayores,40000.0,40000.0,
1133,2312,22623,,Programa de apoyo a familias cuidadoras,98939.15,98939.15,
1133,2312,22652,,Animación residencias tercera edad,320430.0,320430.0,
1133,2312,22667,,Servicios religiosos san prudencio,6900.0,6900.0,
1133,2312,22702,,Servicio de cafetería,14000.0,14000.0,
1133,2312,22708,,Traslado de ancianos,151769.02,151769.02,
1133,2312,22709,,Plan de cuidados y vínculos,100000.0,100000.0,
1133,2312,48018,,Asociación mujeres voluntarias acogida personas 3ª edad,1400.0,1400.0,
1133,2312,48023,,Convenio AFA-Araba,3959.7,3959.7,
1133,2312,48150,,Prog voluntariado acompañamiento ancianos,6142.54,6142.54,
1133,2312,48151,,Campo trabajo personas privadas de libertad,11180.86,11180.86,
1133,2312,48194,,Convenio colegio de abogados,10000.0,10000.0,
1133,2312,48959,,Convenio Ascundean-3ª edad,70397.57,70397.57,
1133,2313,22111,,Menaje,13500.0,13500.0,
1133,2313,22754,,Gestión centros socioculturales de mayores,3401560.0,3401560.0,
1133,2313,22786,,Transporte de comidas,49271.9,49271.9,
1133,2313,48960,,Convenio parroquia San Mateo,10335.0,10335.0,
1133,2313,48961,,Convenio parroquia los Ángeles,10335.0,10335.0,
1133,2313,48962,,Convenio parroquia San Pedro,10335.0,10335.0,
1133,2314,22002,,"Prensa,revistas y otras publicaciones",1500.0,1500.0,
1133,2314,22111,,Menaje,10710.0,10710.0,
1133,2314,22115,,Material técnico especifico,765.0,765.0,
1133,2314,22609,,Trabajadores familiares apartamentos mayores,386397.97,386397.97,
1133,2314,22618,,Otros gastos funcionamiento,6000.0,6000.0,
1133,2314,22628,,Animación Santa Mª Olarizu,68090.0,68090.0,
1133,2314,22705,,Gestión serv.atención diurna Bto.T.Zumarraga,543920.0,543920.0,
1133,2314,22708,,Traslado de ancianos,321637.13,321637.13,
1133,2314,22714,,Gestión servicio atención diurna Renacimiento,40000.0,40000.0,
1133,2314,22718,,Gestión servicio atención diurna Blas de Otero,818480.0,818480.0,
1133,2314,22786,,Transporte de comidas,43753.88,43753.88,
1133,2317,12000,,Retribuciones básicas de funcionarios,2719929.0,2719929.0,
1133,2317,12100,,Retribuciones complementarias funcionarios,3670086.0,3670086.0,
1133,2317,14100,,Otro personal,5960525.0,5960525.0,
1133,2317,16000,,Seguridad social a cargo del ayuntamiento,3970619.0,3970619.0,
1133,2317,16500,,Cuotas Elkarkidetza a cargo ayuntamiento,126191.0,126191.0,
1145,2315,48138,,Convenio banco de alimentos,12000.0,12000.0,
1145,2315,48157,,Federación asoc. Vicente Abreu,32712.0,32712.0,
1145,2321,22731,,Comidas Desamparadas,66000.0,66000.0,
1145,2321,22786,,Transporte de comidas,158933.48,158933.48,
1145,2321,22797,,Servicio de ayuda a domicilio,12425825.2,12425825.2,
1145,2321,22798,,Análisis del S.A.D,15000.0,15000.0,
1145,2321,48000,,Ayudas a emergencia social,4673000.0,4673000.0,
1145,2321,48003,,Atenciones sociales,4840773.58,4840773.58,
1145,2321,48004,,Fondos de emergencia habitacional - desahucios,300000.0,300000.0,
1145,2321,48005,,Plan contra la pobreza energética en Vitoria-Gasteiz,60000.0,60000.0,
1145,2321,48154,,Cruz Roja-acompañamiento personas mayores,77500.0,77500.0,
1145,2321,48957,,Convenio Agle,60000.0,60000.0,
1145,2321,48977,,Convenio Save The Children,11724.0,11724.0,
1145,2322,22115,,Material técnico especifico,37570.0,37570.0,
1145,2322,22619,,Educación calle,1048260.0,1048260.0,
1145,2322,22746,,Vigilancia servicios sociales de base,365500.19,365500.19,
1145,2322,22759,,Monitores talleres,212569.7,212569.7,
1145,2328,12000,,Retribuciones básicas de funcionarios,1355031.0,1355031.0,
1145,2328,12100,,Retribuciones complementarias funcionarios,1520270.0,1520270.0,
1145,2328,14100,,Otro personal,1006732.0,1006732.0,
1145,2328,16000,,Seguridad social a cargo del ayuntamiento,1152388.0,1152388.0,
1145,2328,16500,,Cuotas Elkarkidetza a cargo ayuntamiento,38952.0,38952.0,
1150,2391,12000,,Retribuciones básicas de funcionarios,93858.0,93858.0,
1150,2391,12100,,Retribuciones complementarias funcionarios,117281.0,117281.0,
1150,2391,16000,,Seguridad social a cargo del ayuntamiento,58271.0,58271.0,
1150,2391,16500,,Cuotas Elkarkidetza a cargo ayuntamiento,2295.0,2295.0,
1150,2391,22696,,Cuota Euskal Fondoa,11237.4,11237.4,
1150,2391,22699,,Otros gastos diversos,5000.0,5000.0,
1150,2391,22707,,Estudios y trabajos técnicos,35000.0,35000.0,
1150,2391,22799,,Otros trabajos exteriores,94000.0,94000.0,
1150,2391,23002,,Gastos de desplazamiento,10000.0,10000.0,
1150,2391,48200,,Subvenciones de cooperación al desarrollo,1340264.08,1340264.08,
1150,2391,48205,,Convenio Fondo Alavés de Emergencia,132000.0,132000.0,
1150,2391,48206,,Convenio asoc.amigos/as del RASD,320000.0,320000.0,
1150,2391,48207,,Convenio Euskal Fondoa,207000.0,207000.0,
1150,2391,48211,,Convenio coordinadora ONGDS,24000.0,24000.0,
1150,2391,48212,,Convenio Afanis-vacaciones en paz,17000.0,17000.0,
1150,2391,48213,,Convenio comercio justo,70000.0,70000.0,
1310,9313,12000,,Retribuciones básicas de funcionarios,150680.0,150680.0,
1310,9313,12100,,Retribuciones complementarias funcionarios,193870.0,193870.0,
1310,9313,14100,,Otro personal,3242.0,3242.0,
1310,9313,16000,,Seguridad social a cargo del ayuntamiento,82641.0,82641.0,
1310,9313,16500,,Cuotas Elkarkidetza a cargo ayuntamiento,5667.0,5667.0,
1510,1701,11000,,Retribuciones personal eventual gabinete,80709.0,80709.0,
1510,1701,13000,,Retribuciones personal laboral fijo,3950.0,3950.0,
1510,1701,16000,,Seguridad social a cargo del ayuntamiento,14038.0,14038.0,
1510,1701,16500,,Cuotas Elkarkidetza a cargo ayuntamiento,1544.0,1544.0,
1510,1701,22004,,Edición y reproducción de cartografía y proyectos,1000.0,1000.0,
1510,1701,22205,,"Reuniones, conferencias y congresos",2000.0,2000.0,
1510,1701,22206,,Acciones exteriores y colaboraciones internacionales,3000.0,3000.0,
1514,1701,12000,,Retribuciones básicas de funcionarios,162073.0,162073.0,
1514,1701,12100,,Retribuciones complementarias funcionarios,195383.0,195383.0,
1514,1701,14100,,Otro personal,210758.0,210758.0,
1514,1701,16000,,Seguridad social a cargo del ayuntamiento,170125.0,170125.0,
1514,1701,16500,,Cuotas Elkarkidetza a cargo ayuntamiento,8786.0,8786.0,
152002,1331,60195,,Mejora elementos seguridad de tráficos,75000.0,75000.0,
152002,1513,60921,,Proyecto coronación,100000.0,100000.0,
152002,1533,60102,,Mejora de accesibilidad,5000.0,5000.0,
152002,1533,60116,,Reformas y asfaltados integrales,1350000.0,1350000.0,
152002,1533,60121,,Parque de La Florida - gruta,275000.0,275000.0,
152002,1533,60171,,Aparcabicicletas y bicilonjas,75000.0,75000.0,
152002,1533,60189,,Inversiones BAIS,1350000.0,1350000.0,
152002,1533,60198,,Plan director de inversiones de espacio público,2405000.0,2405000.0,
152002,1533,60201,,Reforma y rehabilitación caños casco viejo,75000.0,75000.0,
152002,1533,60922,,Guardabicis,50000.0,50000.0,
152002,1533,60924,,Ampliación de la red de carriles bici,150000.0,150000.0,
152002,1533,61121,,Memorial victimas terrorismo (2º fase),200000.0,200000.0,
152002,1533,64304,,"Honorarios, estudios y proyectos",30000.0,30000.0,
152002,1533,64517,,Plan reactivación centro urbano Bost Enparantza,829743.27,829743.27,
152002,1534,12000,,Retribuciones básicas de funcionarios,1030562.0,1030562.0,
152002,1534,12100,,Retribuciones complementarias funcionarios,1452726.0,1452726.0,
152002,1534,14100,,Otro personal,484271.0,484271.0,
152002,1534,16000,,Seguridad social a cargo del ayuntamiento,1037805.0,1037805.0,
152002,1534,16500,,Cuotas Elkarkidetza a cargo ayuntamiento,41517.0,41517.0,
152002,1534,20200,,Arrendamiento de maquinaria e instalaciones,80000.0,80000.0,
152002,1534,21008,,B.A.I juegos infantiles,170000.0,170000.0,
152002,1534,21060,,Conservación de vías públicas y firmes,325000.0,325000.0,
152002,1534,21062,,Mantenimiento de los firmes y aglomerados,190000.0,190000.0,
152002,1534,21701,,Conservación mobiliario urbano,50000.0,50000.0,
152002,1534,21703,,Contrato mantenimiento de rampas,110000.0,110000.0,
152002,1534,22111,,Menaje,25000.0,25000.0,
152002,1534,22722,,Contratos mantenimiento w.c.públicos,55000.0,55000.0,
152002,1641,22111,,Menaje,10000.0,10000.0,
152002,1641,22140,,Gastos específicos cementerios,50000.0,50000.0,
152002,1641,22715,,Recogidas selectivas de residuos,8000.0,8000.0,
152002,1641,60105,,Construcciones nichos y panteones,75000.0,75000.0,
152002,1641,60106,,Cementerio musulmán,120000.0,120000.0,
152002,1641,60107,,Obras en cementerios,0.0,0.0,
152002,1641,62312,,Compra maquinaria cementerio musulmán,30000.0,30000.0,
152002,1651,21006,,Brigadas acción inmediata para alumbrado,416000.0,416000.0,
152002,1651,22101,,Suministro energía eléctrica espacio público y medio natural,3850000.0,3850000.0,
152002,1651,22130,,Conservación general del alumbrado público,370000.0,370000.0,
152002,1651,60115,,Mejora alumbrado público,75000.0,75000.0,
152002,1711,64520,,Supermanzana Salburua,50000.0,50000.0,
152002,1711,64522,,Supermanzanas,2000000.0,2000000.0,
152002,2381,60607,,Perspectiva genero en alumbrado público,75000.0,75000.0,
152002,4411,21705,,Mantenimiento autobuses eléctricos,90750.0,90750.0,
152002,4411,47122,,Convenio DFA parque tecnológico para el tpte de viajeros,20000.0,20000.0,
152002,4411,71003,,"Convenio GOVA, DFA, Ayto vg ampliación tranvía al sur",14075.3,14075.3,
152002,4411,71007,,Tranvía salbura-Zabalgana,2084000.0,2084000.0,
152002,4412,77000,,Subvención adquisición taxis eléctricos,40000.0,40000.0,
152007,1711,12000,,Retribuciones básicas de funcionarios,880702.0,880702.0,
152007,1711,12100,,Retribuciones complementarias funcionarios,1197316.0,1197316.0,
152007,1711,14100,,Otro personal,413018.0,413018.0,
152007,1711,16000,,Seguridad social a cargo del ayuntamiento,938264.0,938264.0,
152007,1711,16500,,Cuotas Elkarkidetza a cargo ayuntamiento,39742.0,39742.0,
152007,1711,20200,,Arrendamiento de maquinaria e instalaciones,135000.0,135000.0,
152007,1711,21014,,Alcorques,275000.0,275000.0,
152007,1711,21015,,Traslado provisional de vivero,15000.0,15000.0,
152007,1711,21071,,Conservación municipal de zonas verdes publicas,240000.0,240000.0,
152007,1711,21072,,Conservación de jardineras,4000.0,4000.0,
152007,1711,21200,,Mantenimiento maquinaria e instalaciones,45000.0,45000.0,
152007,1711,21704,,Contrato apertura y cierre instalaciones municipales,25000.0,25000.0,
152007,1711,22111,,Menaje,30000.0,30000.0,
152007,1711,22711,,Conservación zonas verdes,3100000.0,3100000.0,
152007,1711,22712,,Conservación fachada Europa,30000.0,30000.0,
152007,1711,22715,,Plan de acción del paisaje,25000.0,25000.0,
152007,1711,22716,,Plan director del arbolado,50000.0,50000.0,
152007,1711,22740,,Mantenimiento caños casco viejo,13000.0,13000.0,
152007,1711,60196,,Plan gestión arbolado barrios,300000.0,300000.0,
152007,1711,60197,,Infraestructura verde de barrio,75000.0,75000.0,
152007,1711,64304,,"Honorarios, estudios y proyectos",50000.0,50000.0,
152007,1711,69900,,Adquisición de plantas,46000.0,46000.0,
152007,2381,60609,,Infraestructuras verdes barrio-perspectiva genero,75000.0,75000.0,
1521,1331,12000,,Retribuciones básicas de funcionarios,265523.0,265523.0,
1521,1331,12100,,Retribuciones complementarias funcionarios,321437.0,321437.0,
1521,1331,14100,,Otro personal,109137.0,109137.0,
1521,1331,16000,,Seguridad social a cargo del ayuntamiento,228205.0,228205.0,
1521,1331,16500,,Cuotas Elkarkidetza a cargo ayuntamiento,14087.0,14087.0,
1521,1331,20200,,Mantenimiento regulación estacionamiento,235000.0,235000.0,
1521,1331,21005,,Vestuario agentes OTA,10000.0,10000.0,
1521,1331,21050,,Conservación de señalización,75000.0,75000.0,
1521,1331,21910,,Mantenimiento sistema control de trafico,1254255.65,1254255.65,
1521,1331,60107,,Sistema de control de circulación,15000.0,15000.0,
1521,1331,60143,,Mejora seguridad vial - expansiones urbanísticas,50000.0,50000.0,
1521,1331,62901,,Adquisición equipos,15000.0,15000.0,
1521,1331,64521,,Calmados supermanzana Salburua,75000.0,75000.0,
1521,4413,62701,,Cocheras BEI,5302426.88,5302426.88,
1522,4413,12000,,Retribuciones básicas de funcionarios,143030.0,143030.0,
1522,4413,12100,,Retribuciones complementarias funcionarios,213693.0,213693.0,
1522,4413,14100,,Otro personal,216288.0,216288.0,
1522,4413,16000,,Seguridad social a cargo del ayuntamiento,193824.0,193824.0,
1522,4413,16500,,Cuotas Elkarkidetza a cargo ayuntamiento,10253.0,10253.0,
1522,4413,21105,,Conservación y mantenimiento estación de autobuses,70500.0,70500.0,
1522,4413,22101,,Energía eléctrica estación autobuses,70000.0,70000.0,
1522,4413,22102,,Suministro agua y depuración residuales estación buses,20000.0,20000.0,
1522,4413,22104,,Eficiencia energética estación autobuses,103000.0,103000.0,
1522,4413,22734,,Seguridad estación autobuses,60000.0,60000.0,
1522,4413,22783,,Contratos prestación limpieza estación autobuses,160000.0,160000.0,
1522,4413,62953,,Inversiones equipos estación de autobuses,95560.0,95560.0,
1620,3421,62296,,Inversiones en instalaciones deportivas,1550000.0,1550000.0,
1620,3422,22148,,Contrato mantenimiento piscinas,1265462.61,1265462.61,
1620,3422,62926,,Inversiones en contratos piscinas,303500.0,303500.0,
1620,9211,62204,,Inversiones en centros y locales,750000.0,750000.0,
1620,9211,62205,,Obras en edificios escolares,500000.0,500000.0,
1620,9211,62293,,Inversiones edificios municipales,653000.0,653000.0,
1620,9211,62303,,Adquisición maquinaria,15000.0,15000.0,
1620,9211,64304,,"Honorarios, estudios y proyectos",15000.0,15000.0,
1620,9212,21100,,Conservación edificios municipales,400000.0,400000.0,
1620,9212,21107,,Reparaciones y suministros de mto. en EEMM,400000.0,400000.0,
1620,9212,21207,,Mantenimiento y reparación de equipos,90000.0,90000.0,
1620,9212,22109,,Productos de limpieza y aseo,270000.0,270000.0,
1620,9212,22111,,Menaje,30000.0,30000.0,
1620,9212,22147,,Contratos de baja tensión,10000.0,10000.0,
1620,9212,22682,,Pequeños suministros mantenimiento,500000.0,500000.0,
1620,9212,22727,,Contrato mantenimiento instalaciones,775000.0,775000.0,
1620,9214,22146,,Contrato contenedores higiénicos,25000.0,25000.0,
1620,9214,22783,,Contratos unidad de limpieza,5612000.0,5612000.0,
1620,9215,21200,,Mantenimiento maquinaria e instalaciones,1575000.0,1575000.0,
1620,9215,22101,,Suministro energía eléctrica,4312000.0,4312000.0,
1620,9215,22103,,Contrato para la eficiencia energética,3075000.0,3075000.0,
1620,9215,22149,,Gas resto edificios municipales,120000.0,120000.0,
1620,9215,22751,,Contrato mantenimiento instalaciones eléctricas,215500.0,215500.0,
1620,9215,62259,,Contrato inversiones en instalaciones eléctricas,302500.0,302500.0,
1620,9215,62303,,Renovación equipos de gestión energética,550000.0,550000.0,
1620,9219,12000,,Retribuciones básicas de funcionarios,129404.0,129404.0,
1620,9219,12100,,Retribuciones complementarias funcionarios,146948.0,146948.0,
1620,9219,14100,,Otro personal,73782.0,73782.0,
1620,9219,16000,,Seguridad social a cargo del ayuntamiento,109659.0,109659.0,
1620,9219,16500,,Cuotas Elkarkidetza a cargo ayuntamiento,2295.0,2295.0,
1630,9219,12000,,Retribuciones básicas de funcionarios,3061415.0,3061415.0,
1630,9219,12100,,Retribuciones complementarias funcionarios,3831393.0,3831393.0,
1630,9219,14100,,Otro personal,2122708.0,2122708.0,
1630,9219,16000,,Seguridad social a cargo del ayuntamiento,3190780.0,3190780.0,
1630,9219,16500,,Cuotas Elkarkidetza a cargo ayuntamiento,149426.0,149426.0,
1641,9219,12000,,Retribuciones básicas de funcionarios,90309.0,90309.0,
1641,9219,12100,,Retribuciones complementarias funcionarios,89159.0,89159.0,
1641,9219,16000,,Seguridad social a cargo del ayuntamiento,50627.0,50627.0,
1641,9219,16500,,Cuotas Elkarkidetza a cargo ayuntamiento,1801.0,1801.0,
1642,9219,12000,,Retribuciones básicas de funcionarios,69567.0,69567.0,
1642,9219,12100,,Retribuciones complementarias funcionarios,91379.0,91379.0,
1642,9219,14100,,Otro personal,32624.0,32624.0,
1642,9219,16000,,Seguridad social a cargo del ayuntamiento,64469.0,64469.0,
1642,9219,16500,,Cuotas Elkarkidetza a cargo ayuntamiento,0.0,0.0,
1643,9219,12000,,Retribuciones básicas de funcionarios,30150.0,30150.0,
1643,9219,12100,,Retribuciones complementarias funcionarios,42541.0,42541.0,
1643,9219,16000,,Seguridad social a cargo del ayuntamiento,17217.0,17217.0,
1643,9219,16500,,Cuotas Elkarkidetza a cargo ayuntamiento,721.0,721.0,
1644,9219,12000,,Retribuciones básicas de funcionarios,822231.0,822231.0,
1644,9219,12100,,Retribuciones complementarias funcionarios,1189919.0,1189919.0,
1644,9219,13000,,Retribuciones personal laboral fijo,81780.0,81780.0,
1644,9219,14100,,Otro personal,552950.0,552950.0,
1644,9219,16000,,Seguridad social a cargo del ayuntamiento,936596.0,936596.0,
1644,9219,16500,,Cuotas Elkarkidetza a cargo ayuntamiento,57011.0,57011.0,
1810,3401,11000,,Retribuciones personal eventual gabinete,84586.0,84586.0,
1810,3401,16000,,Seguridad social a cargo del ayuntamiento,12740.0,12740.0,
1810,3401,16500,,Cuotas Elkarkidetza a cargo ayuntamiento,1544.0,1544.0,
1815,3401,12000,,Retribuciones básicas de funcionarios,222567.0,222567.0,
1815,3401,12100,,Retribuciones complementarias funcionarios,275226.0,275226.0,
1815,3401,14100,,Otro personal,0.0,0.0,
1815,3401,16000,,Seguridad social a cargo del ayuntamiento,143396.0,143396.0,
1815,3401,16500,,Cuotas Elkarkidetza a cargo ayuntamiento,7980.0,7980.0,
1820,1533,60133,,Gasteiz hobetuz,1450000.0,1450000.0,
1820,3371,12000,,Retribuciones básicas de funcionarios,2275652.0,2275652.0,
1820,3371,12100,,Retribuciones complementarias funcionarios,3094575.0,3094575.0,
1820,3371,14100,,Otro personal,1462291.0,1462291.0,
1820,3371,16000,,Seguridad social a cargo del ayuntamiento,2092794.0,2092794.0,
1820,3371,16500,,Cuotas Elkarkidetza a cargo ayuntamiento,98326.0,98326.0,
1820,3371,22115,,Material técnico especifico cívicos,5000.0,5000.0,
1820,3371,22607,,Difusión campañas en centros cívicos,5000.0,5000.0,
1820,3371,22618,,Otros gastos funcionamiento c.civicos,20000.0,20000.0,
1820,3371,22663,,PIN navidad,100000.0,100000.0,
1820,3371,22697,,"Cuota fundación ""kaleidos.red""",12020.24,12020.24,
1820,3371,22701,,Montajes escenarios fiestas en barrios,1000.0,1000.0,
1820,3371,22732,,Contratos servicios ocio y tiempo libre,1900700.0,1900700.0,
1820,3371,22767,,Programas equipos de zonas,60000.0,60000.0,
1820,3371,62505,,Otros enseres,5000.0,5000.0,
1820,9211,62512,,Inversiones en equipamientos centros cívicos,100000.0,100000.0,
1820,9242,48988,,Convenio asociación vecinos san martin,100000.0,100000.0,
1822,9241,12000,,Retribuciones básicas de funcionarios,83979.0,83979.0,
1822,9241,12100,,Retribuciones complementarias funcionarios,97146.0,97146.0,
1822,9241,14100,,Otro personal,83293.0,83293.0,
1822,9241,16000,,Seguridad social a cargo del ayuntamiento,72619.0,72619.0,
1822,9241,16500,,Cuotas Elkarkidetza a cargo ayuntamiento,1261.0,1261.0,
1822,9241,22696,,Proceso presupuestos participativos,40000.0,40000.0,
1822,9241,22698,,Consultas ciudadanas,1000.0,1000.0,
1822,9241,22699,,Otros gastos diversos en participación ciudadana,1500.0,1500.0,
1822,9241,22732,,Contratos de prestación de servicios,130000.0,130000.0,
1822,9241,22799,,Otros trabajos exteriores en participación ciudadana,30000.0,30000.0,
1822,9241,62505,,Otros enseres,5000.0,5000.0,
1822,9242,48954,,Subvención a asociaciones de vecinos,180000.0,180000.0,
1825,9204,12000,,Retribuciones básicas de funcionarios,618137.0,618137.0,
1825,9204,12100,,Retribuciones complementarias funcionarios,735009.0,735009.0,
1825,9204,14100,,Otro personal,214217.0,214217.0,
1825,9204,16000,,Seguridad social a cargo del ayuntamiento,481798.0,481798.0,
1825,9204,16500,,Cuotas Elkarkidetza a cargo ayuntamiento,31718.0,31718.0,
1825,9251,22201,,"Sistema información ciudadana ""010""",600000.0,600000.0,
2310,3301,11000,,Retribuciones personal eventual gabinete,80198.0,80198.0,
2310,3301,16000,,Seguridad social a cargo del ayuntamiento,15566.0,15566.0,
2310,3301,22765,,Contrato servicios Iradier Arena,15000.0,15000.0,
2311,3291,43101,,A la escuela de música Luis Aramburu,701000.0,701000.0,
2311,3291,73101,,Aportación escuela de música Luis Aranburu,8000.0,8000.0,
2311,3292,43103,,Al conservatorio de la danza José Uruñuela,560000.0,560000.0,
2311,3292,73103,,Aportación al conservatorio de danza José Uruñuela,3000.0,3000.0,
2311,3301,12000,,Retribuciones básicas de funcionarios,252652.0,252652.0,
2311,3301,12100,,Retribuciones complementarias funcionarios,307928.0,307928.0,
2311,3301,14100,,Otro personal,127018.0,127018.0,
2311,3301,16000,,Seguridad social a cargo del ayuntamiento,196379.0,196379.0,
2311,3301,16500,,Cuotas Elkarkidetza a cargo ayuntamiento,9715.0,9715.0,
2311,3301,22111,,"Menaje, útiles y herramientas",50.0,50.0,
2311,3301,62501,,Mobiliario,500.0,500.0,
2311,3301,62901,,Adquisición equipos acción cultural,5000.0,5000.0,
2311,3341,48975,,Museo Artium,110000.0,110000.0,
231201,3322,12000,,Retribuciones básicas de funcionarios,222608.0,222608.0,
231201,3322,12100,,Retribuciones complementarias funcionarios,240152.0,240152.0,
231201,3322,16000,,Seguridad social a cargo del ayuntamiento,132444.0,132444.0,
231201,3322,16500,,Cuotas Elkarkidetza a cargo ayuntamiento,2792.0,2792.0,
231201,3322,22699,,Gastos materiales conservación archivo,7000.0,7000.0,
231201,3322,22752,,Contratos archivo municipal,20000.0,20000.0,
231201,3322,62801,,Adquisición fondos archivo mpal.,3000.0,3000.0,
231202,3391,12000,,Retribuciones básicas de funcionarios,270217.0,270217.0,
231202,3391,12100,,Retribuciones complementarias funcionarios,362208.0,362208.0,
231202,3391,14100,,Otro personal,81246.0,81246.0,
231202,3391,16000,,Seguridad social a cargo del ayuntamiento,199361.0,199361.0,
231202,3391,16500,,Cuotas Elkarkidetza a cargo ayuntamiento,9156.0,9156.0,
231202,3391,22624,,Gastos programación Academia de folklore,30000.0,30000.0,
231202,3391,22757,,Empresas de servicios Academia de folklore,35000.0,35000.0,
231202,3391,62914,,Equipamiento Academia folklore,5000.0,5000.0,
231203,3301,20103,,Alquileres,35000.0,35000.0,
231203,3341,22635,,Azkena rock festival,150000.0,150000.0,
231203,3341,22647,,Campañas en centros cívicos,0.0,0.0,
231203,3341,22652,,Otras actividades culturales - barrios,20000.0,20000.0,
231203,3341,22653,,Difusión cultural,85000.0,85000.0,
231203,3341,22654,,Plan estratégico de cultura,60000.0,60000.0,
231203,3341,22733,,Programas culturales espacios públicos,180000.0,180000.0,
231203,3341,22756,,Servicios acción cultural,176000.0,176000.0,
231203,3341,41921,,Convenio UPV-festival cortada,7000.0,7000.0,
231203,3341,48917,,Convenio Magialdia,65000.0,65000.0,
231203,3341,48929,,Convocatoria festival de jazz,65000.0,65000.0,
231203,3341,48933,,Convocatoria subv.proyectos culturales,200000.0,200000.0,
231203,3341,48939,,Patronato Valentín de Foronda,12000.0,12000.0,
231203,3341,48961,,Convenio World Press Photo,40000.0,40000.0,
231203,3341,48962,,Convenio asociación fotográfica,8000.0,8000.0,
231203,3341,48970,,Convenio Arabako Bertsozale Elkartea,14000.0,14000.0,
231203,3341,48971,,Convenio Arabako Dantzarien Biltzarra,8000.0,8000.0,
231203,3361,68500,,Adquisición esculturas y obras de arte,5000.0,5000.0,
231203,3361,68503,,Plan mantenimiento y restauración de obras de arte,20000.0,20000.0,
231203,3361,78100,,Subvención obras catedral Santa María,120000.0,120000.0,
231203,3381,12000,,Retribuciones básicas de funcionarios,128918.0,128918.0,
231203,3381,12100,,Retribuciones complementarias funcionarios,165772.0,165772.0,
231203,3381,14100,,Otro personal,101488.0,101488.0,
231203,3381,16000,,Seguridad social a cargo del ayuntamiento,111539.0,111539.0,
231203,3381,16500,,Cuotas Elkarkidetza a cargo ayuntamiento,6766.0,6766.0,
231203,3381,22643,,"Reparación gigantes, tribunas y nacimiento",10000.0,10000.0,
231203,3381,22646,,Gu ere bertsotan,43000.0,43000.0,
231203,3381,22661,,Fiestas Virgen Blanca,200000.0,200000.0,
231203,3381,22662,,Olarizu,7000.0,7000.0,
231203,3381,22663,,Campaña de navidad y reyes,135000.0,135000.0,
231203,3381,22664,,Fiestas de San Antón y Santa Agueda,9000.0,9000.0,
231203,3381,22701,,Montaje de escenarios fiestas y otros eventos,20000.0,20000.0,
231203,3381,48024,,Convenio con casas regionales,55000.0,55000.0,
231203,3381,48910,,Convenio asoc.comision de blusas y neskas,0.0,0.0,
231203,3381,48911,,Convocatoria subv. cuadrillas blusas y neskas,25000.0,25000.0,
231203,3381,48969,,Convenio asoc.celedones de oro,5000.0,5000.0,
231203,3381,48980,,Convenio poetas de mayo,17000.0,17000.0,
231203,3381,78001,,Aportaciones a casas regionales,1000.0,1000.0,
231203,3392,22737,,Comparsas gigantes,33000.0,33000.0,
231204,3321,22649,,Programa red munpal bibliotecas,12000.0,12000.0,
231204,3321,22749,,Contratos red bibliotecas,1750000.0,1750000.0,
231204,3321,62800,,Adquisición publicaciones y libros red bibliotecas,90000.0,90000.0,
231204,3341,12000,,Retribuciones básicas de funcionarios,227658.0,227658.0,
231204,3341,12100,,Retribuciones complementarias funcionarios,231340.0,231340.0,
231204,3341,14100,,Otro personal,180798.0,180798.0,
231204,3341,16000,,Seguridad social a cargo del ayuntamiento,192417.0,192417.0,
231204,3341,16500,,Cuotas Elkarkidetza a cargo ayuntamiento,12880.0,12880.0,
231204,3341,22607,,Difusión campañas en centros cívicos,7000.0,7000.0,
231204,3341,22636,,Cursos culturales en centros cívicos,376000.0,376000.0,
231204,3341,22647,,Campañas en centros cívicos,30000.0,30000.0,
231204,3341,48958,,Convenio asociación libreros de Álava,15000.0,15000.0,
231205,3332,12000,,Retribuciones básicas de funcionarios,68099.0,68099.0,
231205,3332,12100,,Retribuciones complementarias funcionarios,85091.0,85091.0,
231205,3332,14100,,Otro personal,3136.0,3136.0,
231205,3332,16000,,Seguridad social a cargo del ayuntamiento,45639.0,45639.0,
231205,3332,16500,,Cuotas Elkarkidetza a cargo ayuntamiento,2522.0,2522.0,
231205,3332,22622,,Centro cultural montehermoso,90000.0,90000.0,
231205,3332,22751,,Contratos servicios montehermos,120000.0,120000.0,
231205,3332,22753,,Progr cultur montehermoso euskera- Euskararen etxea,258000.0,258000.0,
231205,3332,62602,,Fondos multimedia mediateca,18500.0,18500.0,
231205,3332,62901,,Adquisición equipos Montehermoso,1800.0,1800.0,
231210,3392,12000,,Retribuciones básicas de funcionarios,523700.0,523700.0,
231210,3392,12100,,Retribuciones complementarias funcionarios,623250.0,623250.0,
231210,3392,14100,,Otro personal,131832.0,131832.0,
231210,3392,16000,,Seguridad social a cargo del ayuntamiento,346641.0,346641.0,
231210,3392,16500,,Cuotas Elkarkidetza a cargo ayuntamiento,19697.0,19697.0,
231210,3392,21207,,Mantenimiento y reparación equipos banda de música,13000.0,13000.0,
231210,3392,22692,,Banda música-colaboraciones,13000.0,13000.0,
231210,3392,22699,,Gastos programación banda música,34000.0,34000.0,
231210,3392,22732,,Contratos de prestación de servicios,12000.0,12000.0,
231210,3392,62800,,Adquisición publicaciones y libros,5293.0,5293.0,
231210,3392,62903,,Equipamiento banda municipal,11000.0,11000.0,
231220,3342,12000,,Retribuciones básicas de funcionarios,231080.0,231080.0,
231220,3342,12100,,Retribuciones complementarias funcionarios,276659.0,276659.0,
231220,3342,14100,,Otro personal,36413.0,36413.0,
231220,3342,16000,,Seguridad social a cargo del ayuntamiento,161348.0,161348.0,
231220,3342,16500,,Cuotas Elkarkidetza a cargo ayuntamiento,5399.0,5399.0,
231220,3342,22603,,Publicidad especial red teatros,6000.0,6000.0,
231220,3342,22627,,Espectáculos  y festivales red de teatros,430000.0,430000.0,
231220,3342,22628,,Espectáculos en gira,370000.0,370000.0,
231220,3342,22648,,"Coproducción escénica, creadores locales",40000.0,40000.0,
231220,3342,22732,,Contratos de prestación de servicio,230000.0,230000.0,
231220,3342,48981,,Convenio Teatro Paraíso,45000.0,45000.0,
231220,3342,48989,,Convenio Ortzai,20000.0,20000.0,
231220,3342,48990,,Convenio Baratza Aretoa,20000.0,20000.0,
231220,3342,62901,,Adquisición equipos red de teatros,15000.0,15000.0,
231901,3201,12000,,Retribuciones básicas de funcionarios,1511708.0,1511708.0,
231901,3201,12100,,Retribuciones complementarias funcionarios,1622231.0,1622231.0,
231901,3201,14100,,Otro personal,344417.0,344417.0,
231901,3201,16000,,Seguridad social a cargo del ayuntamiento,1105112.0,1105112.0,
231901,3201,16500,,Cuotas Elkarkidetza a cargo ayuntamiento,48424.0,48424.0,
231901,3231,22100,,Programa renaturalización patios,15000.0,15000.0,
231901,3231,22106,,Productos alimenticios,82000.0,82000.0,
231901,3231,22115,,Material fungible didáctico,12000.0,12000.0,
231901,3231,22199,,Otros suministros y gastos diversos educación,8000.0,8000.0,
231901,3231,22786,,Servicio de comidas escuelas infantiles,51000.0,51000.0,
231901,3231,62501,,Mobiliario para escuelas infantiles,7400.0,7400.0,
231901,3232,22659,,Programas educativos,240000.0,240000.0,
231901,3232,22787,,Consejo escolar municipal,1000.0,1000.0,
231901,3261,22300,,Transporte educación,100.0,100.0,
231902,3201,12000,,Retribuciones básicas de funcionarios,179128.0,179128.0,
231902,3201,12100,,Retribuciones complementarias funcionarios,197282.0,197282.0,
231902,3201,14100,,Otro personal,20588.0,20588.0,
231902,3201,16000,,Seguridad social a cargo del ayuntamiento,105773.0,105773.0,
231902,3201,16500,,Cuotas Elkarkidetza a cargo ayuntamiento,7607.0,7607.0,
231902,3201,20200,,Arrendamiento de maquinaria e instalaciones,50.0,50.0,
231902,3201,22115,,Material técnico especifico,3000.0,3000.0,
231902,3201,22603,,Difusión campaña EEII y programa vacacional,3000.0,3000.0,
231902,3232,22624,,Programa compensación centros educativos,80000.0,80000.0,
231902,3232,22695,,Dinamización AMPAS,60000.0,60000.0,
231902,3232,22780,,Programa vacacional,70000.0,70000.0,
231902,3261,48004,,Compensación educativa,150000.0,150000.0,
231902,3261,48108,,Subvención transporte de programas,10000.0,10000.0,
231902,3261,48136,,"Convenio Jazzargia ""ondas de jazz""",30000.0,30000.0,
231903,3261,22302,,Sentencias Iruña de Oka,3500.0,3500.0,
231903,3261,48010,,Subv. programas vacacionales y extraescolares AMPAS,189000.0,189000.0,
231903,3261,48011,,Convenio Denon Eskola,30000.0,30000.0,
231903,3261,48012,,Convenio federación FAPACNE,5862.0,5862.0,
231903,3261,48175,,Actividades asociaciones personas con discapacidad,20000.0,20000.0,
231903,3271,48114,,Subv. fundación Fernando Buesa,45000.0,45000.0,
231903,3291,41918,,Convenio UPV ciudades educadoras,20000.0,20000.0,
231903,3291,41919,,Conv UPV - curso verano educación,5000.0,5000.0,
231903,3291,47134,,Convenio Udaberria,7500.0,7500.0,
231903,3291,48172,,Convenio fundación catedral Santa María,11000.0,11000.0,
231903,3293,40100,,A la UNED,100000.0,100000.0,
231903,3293,41902,,Convenio UPV-cursos dchos.internacional,20000.0,20000.0,
231903,3293,42105,,Consorcio formación profesional,115000.0,115000.0,
231903,3293,48105,,Escuela de artes y oficios,414000.0,414000.0,
2410,3301,11000,,Retribuciones personal eventual gabinete,80266.0,80266.0,
2410,3301,16000,,Seguridad social a cargo del ayuntamiento,12740.0,12740.0,
2410,3301,16500,,Cuotas Elkarkidetza a cargo ayuntamiento,1544.0,1544.0,
2420,3301,12000,,Retribuciones básicas de funcionarios,164045.0,164045.0,
2420,3301,12100,,Retribuciones complementarias funcionarios,204608.0,204608.0,
2420,3301,13000,,Retribuciones personal laboral fijo,51869.0,51869.0,
2420,3301,14100,,Otro personal,93455.0,93455.0,
2420,3301,16000,,Seguridad social a cargo del ayuntamiento,146511.0,146511.0,
2420,3301,16500,,Cuotas Elkarkidetza a cargo ayuntamiento,10268.0,10268.0,
243001,3111,12000,,Retribuciones básicas de funcionarios,200337.0,200337.0,
243001,3111,12100,,Retribuciones complementarias funcionarios,288999.0,288999.0,
243001,3111,14100,,Otro personal,142090.0,142090.0,
243001,3111,16000,,Seguridad social a cargo del ayuntamiento,184042.0,184042.0,
243001,3111,16500,,Cuotas Elkarkidetza a cargo ayuntamiento,10145.0,10145.0,
243001,3112,22107,,Alimentación para animales,18150.0,18150.0,
243001,3112,22108,,Suministro farmacia animales,16282.24,16282.24,
243001,3112,22112,,Materiales para sanidad animal,8000.0,8000.0,
243001,3112,22113,,Materiales de higiene alimentaria,3000.0,3000.0,
243001,3112,22145,,Gastos sanitarios Coronavirus,1000.0,1000.0,
243001,3112,22687,,Campaña casas de apuestas,25000.0,25000.0,
243001,3112,22699,,Otros gastos diversos,10000.0,10000.0,
243001,3112,22718,,Programas de sanidad animal,43000.0,43000.0,
243001,3112,22719,,Programa de higiene alimentaria,20000.0,20000.0,
243001,3112,22720,,Programas parque D.D.D.,106039.2,106039.2,
243001,3112,22722,,Programa asistencia animal,17000.0,17000.0,
243001,3112,22766,,Ejecuciones subsidiarias D.D.D,4000.0,4000.0,
243001,3112,48194,,Convenio APA SOS Vitoria,15300.0,15300.0,
243001,3112,48196,,Convenio GADEN colonia de gatos,30000.0,30000.0,
243001,3112,62311,,Material inventariable,67226.0,67226.0,
243002,2315,48021,,Asoc.padres niños oncohematológicos,5711.18,5711.18,
243002,2315,48025,,Conv asoc Acabe-anorexia y bulimia,16779.0,16779.0,
243002,2315,48027,,Convenio asoc.ASAJER-videojuegos,29886.0,29886.0,
243002,2315,48029,,Conv Asoc. Adela,5763.0,5763.0,
243002,2315,48030,,Conv Asoc. ASAJER-ludopatías prevención 1º 2º y 3º,20604.0,20604.0,
243002,2315,48031,,Conv Asoc. arene - neuromusculares,27968.4,27968.4,
243002,2315,48032,,Convenio Asoc. ASAFES,24480.0,24480.0,
243002,2315,48033,,Convenio AFA araba,32629.8,32629.8,
243002,2315,48040,,Conv Asoc. contra el cáncer (formación antitabaco),14167.8,14167.8,
243002,2315,48041,,"Conv Asoc. adelprise(atencion,difusion,informacion)",8384.4,8384.4,
243002,2315,48059,,Convenio asociación ASAFIMA,24235.2,24235.2,
243002,2315,48100,,Convenio once,8598.6,8598.6,
243002,2315,48119,,Convenio ASPACE parálisis cerebral,11454.6,11454.6,
243002,2315,48130,,Convenio asociación espina bífida,3825.0,3825.0,
243002,2315,48131,,Convenio ANADAHI (hiperactivos),3825.0,3825.0,
243002,2315,48143,,Convenio Asoc. alavesa de epilepsia,4110.6,4110.6,
243002,2315,48149,,Convenio ADELES lupus,3825.0,3825.0,
243002,2315,48158,,Convenio Asoc. down araba -Isabel Orbe,10200.0,10200.0,
243002,2315,48188,,Convenio cruz roja - primeros auxilios,9945.0,9945.0,
243002,2315,48189,,Conv asociación ASAMMA,2856.0,2856.0,
243002,2315,48190,,Convenio asociación Atece-daño cerebral,11515.8,11515.8,
243002,2315,48191,,Convenio asociación diabéticos de Alava,9690.0,9690.0,
243002,2315,48192,,Convenio asociación celíacos de Alava,8568.0,8568.0,
243002,2315,48193,,Convenio Asoc. esclerosis múltiple,5589.6,5589.6,
243002,2315,48195,,Convenio Asociación corazón sin fronteras,7242.0,7242.0,
243002,2315,48197,,Convenio fundación JEIKI/Hazgarri,48038.94,48038.94,
243002,2315,48198,,Convenio Slow Food hábitos vida saludable,25734.6,25734.6,
243002,2315,48199,,Convenio Comisión antisida programa Gaien artean,23379.46,23379.46,
243002,2315,48932,,Convenio APDEMA,11454.6,11454.6,
243002,2315,48957,,Convenio Agle,11189.4,11189.4,
243002,2315,48972,,Convenio antisida programa prevención,23460.0,23460.0,
243002,3111,12000,,Retribuciones básicas de funcionarios,93411.0,93411.0,
243002,3111,12100,,Retribuciones complementarias funcionarios,99582.0,99582.0,
243002,3111,14100,,Otro personal,0.0,0.0,
243002,3111,16000,,Seguridad social a cargo del ayuntamiento,50925.0,50925.0,
243002,3111,16500,,Cuotas Elkarkidetza a cargo ayuntamiento,3783.0,3783.0,
243002,3111,21210,,Mantenimiento desfibriladores,18288.48,18288.48,
243002,3111,22199,,Materiales prevención drogodependencias,4599.76,4599.76,
243002,3111,22702,,Plan de salud - cuidados saludables,21700.0,21700.0,
243002,3111,22708,,Junta arbitral información en consumo,7000.0,7000.0,
243002,3111,22717,,Prestación servicios promoción salud,137917.28,137917.28,
243002,3111,22718,,Programa prevención drogodependencias,120611.6,120611.6,
243002,3111,22721,,Programa reinserción de drogodependencias,98375.94,98375.94,
243003,3112,12000,,Retribuciones básicas de funcionarios,230969.0,230969.0,
243003,3112,12100,,Retribuciones complementarias funcionarios,327104.0,327104.0,
243003,3112,14100,,Otro personal,122906.0,122906.0,
243003,3112,16000,,Seguridad social a cargo del ayuntamiento,191232.0,191232.0,
243003,3112,16500,,Cuotas Elkarkidetza a cargo ayuntamiento,5759.0,5759.0,
243003,3113,21200,,Mantenimiento maquinaria e instalaciones,24000.0,24000.0,
243003,3113,22115,,Material técnico especifico,84500.0,84500.0,
243003,3113,22716,,Contratación auditorias de calidad,41743.0,41743.0,
243004,3113,12000,,Retribuciones básicas de funcionarios,0.0,0.0,
243004,3113,12100,,Retribuciones complementarias funcionarios,0.0,0.0,
243004,3113,14100,,Otro personal,47142.0,47142.0,
243004,3113,16000,,Seguridad social a cargo del ayuntamiento,13405.0,13405.0,
243004,3113,16500,,Cuotas Elkarkidetza a cargo ayuntamiento,1544.0,1544.0,
244001,3401,12000,,Retribuciones básicas de funcionarios,209734.0,209734.0,
244001,3401,12100,,Retribuciones complementarias funcionarios,297940.0,297940.0,
244001,3401,14100,,Otro personal,114680.0,114680.0,
244001,3401,16000,,Seguridad social a cargo del ayuntamiento,173972.0,173972.0,
244001,3401,16500,,Cuotas Elkarkidetza a cargo ayuntamiento,10620.0,10620.0,
244001,3411,22761,,Contrato arrendamiento pista hielo bakh,785000.0,785000.0,
244001,3421,22762,,Pista de hielo,10000.0,10000.0,
244001,3421,22767,,Contratos atención instalaciones deportivas,1138465.35,1138465.35,
244001,3421,22796,,Contrato apertura complejos deportivos verano,880820.33,880820.33,
244001,3421,62228,,Equipamientos complejos deportivos,54000.0,54000.0,
244002,3401,12000,,Retribuciones básicas de funcionarios,20358.0,20358.0,
244002,3401,12100,,Retribuciones complementarias funcionarios,23549.0,23549.0,
244002,3401,14100,,Otro personal,0.0,0.0,
244002,3401,16000,,Seguridad social a cargo del ayuntamiento,13843.0,13843.0,
244002,3401,16500,,Cuotas Elkarkidetza a cargo ayuntamiento,1261.0,1261.0,
244003,3401,12000,,Retribuciones básicas de funcionarios,114314.0,114314.0,
244003,3401,12100,,Retribuciones complementarias funcionarios,131853.0,131853.0,
244003,3401,14100,,Otro personal,156108.0,156108.0,
244003,3401,16000,,Seguridad social a cargo del ayuntamiento,114674.0,114674.0,
244003,3401,16500,,Cuotas Elkarkidetza a cargo ayuntamiento,9459.0,9459.0,
244003,3411,22300,,Transporte,14374.8,14374.8,
244003,3411,22602,,Trofeos y distinciones deportivas,4000.0,4000.0,
244003,3411,22606,,Colaboración entidades deportivas,38250.0,38250.0,
244003,3411,22699,,Otros gastos diversos,52155.57,52155.57,
244003,3411,22706,,Programa actividades físicas,1573406.51,1573406.51,
244003,3411,22724,,Programa paseos en la naturaleza,30972.9,30972.9,
244003,3411,22735,,Programas para jóvenes-rumbo al deporte,50000.0,50000.0,
244003,3411,22768,,Servicio de montajes especiales,0.0,0.0,
244003,3411,48111,,Conv. federación pelota vasca,25500.0,25500.0,
244003,3411,48115,,Convenio federación alavesa de bolos,5043.4,5043.4,
244003,3411,48119,,Convenio ASPACE parálisis cerebral,25079.46,25079.46,
244003,3411,48122,,Convenio ARASKI,91375.0,91375.0,
244003,3411,48133,,Convenio con Zuzenak,137700.0,137700.0,
244003,3411,48141,,Convenio APDEMA,25254.51,25254.51,
244003,3411,48142,,Convenio autismo araba,14730.85,14730.85,
244003,3411,48928,,Subvención fundación 5+11 baloncesto,121295.0,121295.0,
244003,3411,48935,,Convocatoria general de subvenciones,346500.0,346500.0,
244003,3411,48938,,Convenio Zuzenak- baloncesto en silla de ruedas,21250.0,21250.0,
244004,2381,22699,,Perspectiva género en deporte,15000.0,15000.0,
244004,3401,12000,,Retribuciones básicas de funcionarios,118482.0,118482.0,
244004,3401,12100,,Retribuciones complementarias funcionarios,141561.0,141561.0,
244004,3401,13000,,Retribuciones personal laboral fijo,45685.0,45685.0,
244004,3401,14100,,Otro personal,2336.0,2336.0,
244004,3401,16000,,Seguridad social a cargo del ayuntamiento,90373.0,90373.0,
244004,3401,16500,,Cuotas Elkarkidetza a cargo ayuntamiento,3991.0,3991.0,
244004,3411,22768,,Servicio de montajes especiales,13500.0,13500.0,
244004,3421,21200,,Mantenimiento maquinaria e instalaciones,12100.0,12100.0,
244004,3421,22115,,Material técnico especifico,26500.0,26500.0,
244004,3421,22659,,Foro deporte,6000.0,6000.0,
244004,3421,22672,,Elaboración guía de eventos,10000.0,10000.0,
244004,3421,22673,,Promoción grandes eventos ciudad,94775.0,94775.0,
244004,3421,22674,,Promoción deporte autóctono,21250.0,21250.0,
244004,3421,22686,,Servicios deportivos,1573822.91,1573822.91,
244004,3421,62300,,Material inventariable deporte,27000.0,27000.0,
244004,3421,62305,,Material técnico especifico,95000.0,95000.0,
9005,9122,10000,,Retribuciones básicas corporativos,1763032.0,1763032.0,
9005,9122,16000,,Seguridad social a cargo del ayuntamiento,409808.0,409808.0,
9005,9122,16500,,Cuotas Elkarkidetza a cargo ayuntamiento,1544.0,1544.0,
9005,9122,22633,,Asignaciones reglamento orgánico,638118.0,638118.0,
9015,2111,16103,,Pensiones a cargo del ayuntamiento,98000.0,98000.0,
#,,,,,388021860.52,388021860.52,
